a,b,c,d,e,f,g,h,i,j,k,l,m,expectation,variance
50,60,900,1300,50,50,103,110,0,0,0,0,0,-0.23538952,0
10,90,1100,1400,90,90,90,97,0,0,0,0,1,-0.23538952,0
80,130,1500,2000,95,140,99,120,0,0,0,0,2,-0.23538952,0
30,60,800,900,50,100,95,102,0,0,0,0,3,-0.23538952,0
30,110,700,1300,90,140,0,150,0,0,0,1,0,-0.232955157,0
0,150,300,500,105,110,98,101,0,0,0,1,1,-0.23538952,0
130,150,1000,1100,80,120,80,101,0,0,0,1,2,-0.23538952,0
10,90,800,800,60,130,105,150,0,0,0,1,3,-0.23538952,0
30,50,300,900,60,160,97,103,0,0,0,2,0,-0.171562804,0
40,120,1200,3000,100,200,90,102,0,0,0,2,1,-0.23538952,0
20,110,1000,1200,70,95,99,102,0,0,0,2,2,-0.23538952,0
120,150,900,1200,100,120,97,150,0,0,0,2,3,-0.23538952,0
60,80,300,500,50,110,98,102,0,0,0,3,0,-0.23538952,0
90,110,0,700,140,200,50,101,0,0,0,3,1,-0.23538952,0
40,90,1300,3000,0,105,99,110,0,0,0,3,2,-0.23538952,0
10,70,0,300,70,80,80,105,0,0,0,3,3,-0.23538952,0
0,70,800,1000,70,110,90,101,0,0,1,0,0,-0.277520366,0
50,130,800,1800,105,110,90,95,0,0,1,0,1,-0.23538952,0
100,100,700,1100,70,100,98,103,0,0,1,0,2,-0.23538952,0
60,110,1100,3000,60,105,90,110,0,0,1,0,3,-0.23538952,0
0,140,1500,1500,70,110,98,105,0,0,1,1,0,-0.412146005,0
90,130,1200,1300,105,120,99,110,0,0,1,1,1,-0.23538952,0
0,70,500,1300,90,140,0,105,0,0,1,1,2,-0.38783644,0
10,50,0,500,105,140,99,102,0,0,1,1,3,-0.23538952,0
30,50,300,1400,70,130,97,101,0,0,1,2,0,-0.317739124,0
0,150,600,3000,80,110,110,150,0,0,1,2,1,-0.23538952,0
50,150,1100,1300,60,130,0,120,0,0,1,2,2,-0.23538952,0
50,100,600,1000,120,140,95,105,0,0,1,2,3,-0.23538952,0
10,30,800,1300,80,90,95,120,0,0,1,3,0,-0.23538952,0
100,130,0,2000,120,200,100,150,0,0,1,3,1,-0.23538952,0
70,70,600,1400,110,120,100,105,0,0,1,3,2,-0.225252923,0
120,150,1000,1800,60,200,90,105,0,0,1,3,3,-0.23538952,0
20,120,500,1000,95,130,103,105,0,0,2,0,0,-0.23538952,0
80,150,1200,2000,95,110,101,103,0,0,2,0,1,-0.23538952,0
110,120,300,1300,60,200,97,105,0,0,2,0,2,-0.23538952,0
30,80,700,1400,70,100,0,97,0,0,2,0,3,-0.23538952,0
10,40,1500,3000,50,50,105,120,0,0,2,1,0,-0.23538952,0
0,100,600,1000,100,140,90,90,0,0,2,1,1,-1.637383995,0
0,20,700,1100,70,200,50,150,0,0,2,1,2,-0.23538952,0
140,140,1400,1500,80,100,50,103,0,0,2,1,3,-0.23538952,0
70,140,800,1500,50,110,100,150,0,0,2,2,0,-0.23538952,0
40,40,0,1300,60,95,80,80,0,0,2,2,1,-0.23538952,0
10,20,0,500,50,120,98,102,0,0,2,2,2,-0.23538952,0
10,50,300,600,50,110,90,95,0,0,2,2,3,-0.23538952,0
10,60,300,1500,130,140,105,110,0,0,2,3,0,-0.23538952,0
20,130,300,600,110,120,100,110,0,0,2,3,1,-0.239671972,0
40,140,500,1100,130,150,50,98,0,0,2,3,2,-0.23538952,0
100,120,1100,2000,100,105,90,105,0,0,2,3,3,-0.23538952,0
110,130,1400,1500,90,95,80,150,0,0,3,0,0,-0.23538952,0
40,110,300,300,80,80,101,150,0,0,3,0,1,-0.23538952,0
20,110,500,600,50,100,95,103,0,0,3,0,2,-0.23538952,0
60,140,0,2000,100,150,103,150,0,0,3,0,3,-0.23538952,0
70,90,600,900,0,50,99,101,0,0,3,1,0,-0.23538952,0
100,140,500,600,0,90,97,120,0,0,3,1,1,-0.23538952,0
0,10,800,1800,0,130,80,150,0,0,3,1,2,-0.23538952,0
110,130,300,1300,95,100,95,120,0,0,3,1,3,-0.23538952,0
120,120,800,1800,60,80,120,150,0,0,3,2,0,-0.23538952,0
60,110,500,1400,140,160,0,80,0,0,3,2,1,-0.23538952,0
10,120,300,1000,120,160,50,97,0,0,3,2,2,-0.23538952,0
20,130,1000,1500,90,105,0,97,0,0,3,2,3,-0.23538952,0
100,140,800,1300,50,140,101,102,0,0,3,3,0,-0.23538952,0
40,100,300,700,60,130,90,97,0,0,3,3,1,-0.23538952,0
60,140,1200,2000,60,130,90,95,0,0,3,3,2,-0.23538952,0
50,60,600,1300,0,70,102,120,0,0,3,3,3,-0.23538952,0
100,110,600,3000,80,160,97,110,0,1,0,0,0,-0.23538952,0
10,60,700,1500,50,200,99,120,0,1,0,0,1,-0.170921964,0
10,100,2000,2000,80,130,50,150,0,1,0,0,2,0.558110912,0
60,110,300,2000,130,160,97,110,0,1,0,0,3,-0.23538952,0
20,120,300,900,50,200,95,120,0,1,0,1,0,-0.077980664,0
40,120,900,1400,60,120,97,110,0,1,0,1,1,-0.23538952,0
20,110,300,500,50,50,95,97,0,1,0,1,2,-0.23538952,0
20,110,900,1200,105,150,98,120,0,1,0,1,3,-0.158525325,0
10,50,800,1400,110,110,98,99,0,1,0,2,0,-0.23538952,0
30,120,0,1500,110,160,80,110,0,1,0,2,1,0.117285865,0
90,120,600,600,105,150,90,102,0,1,0,2,2,-0.23538952,0
30,70,1500,1800,0,130,95,98,0,1,0,2,3,-0.23538952,0
0,120,900,1500,0,105,80,120,0,1,0,3,0,-0.23538952,0
70,150,0,300,80,80,90,90,0,1,0,3,1,-0.23538952,0
40,90,600,2000,120,200,0,97,0,1,0,3,2,-0.23538952,0
10,150,600,3000,95,140,80,101,0,1,0,3,3,0.574887499,0
40,60,700,3000,70,200,80,110,0,1,1,0,0,-0.169644188,0
70,120,500,700,100,110,90,102,0,1,1,0,1,-0.23538952,0
30,60,0,1100,50,105,98,110,0,1,1,0,2,-0.27803962,0
60,90,0,1800,100,120,0,98,0,1,1,0,3,-0.23538952,0
40,90,1300,1300,90,120,80,102,0,1,1,1,0,-0.152008185,0
0,20,1000,1800,50,70,98,99,0,1,1,1,1,-0.23538952,0
0,50,1100,1500,150,160,90,98,0,1,1,1,2,-0.23538952,0
10,120,300,1200,90,130,105,110,0,1,1,1,3,-0.23538952,0
120,140,800,3000,130,200,90,97,0,1,1,2,0,-0.23538952,0
110,120,500,900,0,120,80,101,0,1,1,2,1,-0.23538952,0
120,150,300,500,70,110,90,103,0,1,1,2,2,-0.23538952,0
10,70,1800,1800,80,150,0,103,0,1,1,2,3,-0.221054016,0
50,110,1100,1300,105,110,50,101,0,1,1,3,0,-0.23538952,0
30,100,300,1400,100,200,98,100,0,1,1,3,1,-0.153208174,0
20,110,800,1100,95,110,0,101,0,1,1,3,2,-0.066906926,0
20,50,300,1100,60,160,90,97,0,1,1,3,3,-0.23538952,0
100,130,700,1200,80,95,0,120,0,1,2,0,0,-0.23538952,0
70,80,300,1400,120,200,97,103,0,1,2,0,1,-0.23538952,0
20,140,700,1400,95,150,101,102,0,1,2,0,2,-0.23538952,0
40,80,900,1300,105,110,95,105,0,1,2,0,3,-0.23538952,0
30,130,1200,1300,60,130,0,99,0,1,2,1,0,-0.23538952,0
130,140,700,800,50,130,97,105,0,1,2,1,1,-0.23538952,0
20,60,1200,1500,90,105,97,98,0,1,2,1,2,-0.23538952,0
110,140,0,2000,120,130,103,150,0,1,2,1,3,-0.23538952,0
20,70,800,1300,0,60,90,90,0,1,2,2,0,-0.23538952,0
40,140,0,500,90,140,80,90,0,1,2,2,1,-0.23538952,0
30,30,0,500,160,160,0,110,0,1,2,2,2,-0.23538952,0
80,150,800,1000,0,200,103,150,0,1,2,2,3,-0.23538952,0
0,20,0,2000,90,110,0,90,0,1,2,3,0,-0.23538952,0
40,90,800,900,60,120,105,150,0,1,2,3,1,-0.23538952,0
0,140,500,700,50,140,80,98,0,1,2,3,2,-0.23538952,0
40,50,0,800,110,150,120,120,0,1,2,3,3,-0.23538952,0
80,100,500,1000,60,160,90,150,0,1,3,0,0,-0.23538952,0
90,120,0,1400,110,130,99,150,0,1,3,0,1,-0.23538952,0
0,40,0,1200,105,150,102,102,0,1,3,0,2,-1.525804251,0
40,120,1000,1200,70,80,103,105,0,1,3,0,3,-0.23538952,0
30,40,600,1000,60,80,80,150,0,1,3,1,0,-0.23538952,0
50,100,1000,1300,80,120,0,101,0,1,3,1,1,-0.23538952,0
40,140,300,3000,150,200,105,120,0,1,3,1,2,-0.23538952,0
130,130,600,600,0,70,100,102,0,1,3,1,3,-0.23538952,0
70,130,700,3000,80,150,0,102,0,1,3,2,0,-0.23538952,0
0,110,800,1200,60,140,90,97,0,1,3,2,1,-0.23538952,0
30,90,600,700,90,200,98,99,0,1,3,2,2,-0.23538952,0
110,130,800,1000,120,160,90,101,0,1,3,2,3,-0.23538952,0
70,100,700,2000,0,50,50,98,0,1,3,3,0,-0.23538952,0
0,80,1300,1400,50,150,98,100,0,1,3,3,1,-0.23538952,0
20,140,0,800,110,150,97,110,0,1,3,3,2,-0.47641055,0
0,40,1000,3000,60,70,99,102,0,1,3,3,3,-0.23538952,0
80,90,1200,1400,100,100,97,103,0,2,0,0,0,-0.23538952,0
70,120,0,600,95,200,0,101,0,2,0,0,1,-0.23538952,0
20,130,800,3000,60,150,0,103,0,2,0,0,2,0.89380889,0
10,80,1500,1500,0,95,95,102,0,2,0,0,3,-0.23538952,0
10,70,600,2000,50,105,98,103,0,2,0,1,0,-0.134432348,0
60,70,300,900,95,110,99,150,0,2,0,1,1,-0.23538952,0
20,140,300,900,50,200,80,103,0,2,0,1,2,0.811119559,0
80,140,0,800,100,120,101,110,0,2,0,1,3,-0.23538952,0
20,150,500,800,50,110,102,105,0,2,0,2,0,-0.23538952,0
0,120,500,600,80,100,0,120,0,2,0,2,1,-0.23538952,0
50,110,500,1200,95,105,80,150,0,2,0,2,2,-0.23538952,0
120,140,800,900,70,110,0,99,0,2,0,2,3,-0.23538952,0
30,70,500,500,100,120,50,102,0,2,0,3,0,0.951718504,0
30,100,300,1000,70,200,0,120,0,2,0,3,1,0.924995261,0
60,150,500,900,130,200,90,110,0,2,0,3,2,-0.23538952,0
70,130,0,1200,90,110,0,90,0,2,0,3,3,-0.23538952,0
30,70,800,1200,100,110,50,150,0,2,1,0,0,0.739286385,0
30,110,800,1200,90,120,110,110,0,2,1,0,1,0.811223728,0
0,30,600,900,80,95,0,99,0,2,1,0,2,-0.23538952,0
80,110,700,1400,95,100,50,95,0,2,1,0,3,-0.23538952,0
50,140,1300,1400,60,150,90,99,0,2,1,1,0,-0.23538952,0
20,140,0,1200,0,200,0,99,0,2,1,1,1,-0.23538952,0
30,40,1200,1200,110,150,0,150,0,2,1,1,2,0.24106141,0
20,20,0,500,90,150,90,103,0,2,1,1,3,-0.23538952,0
120,130,800,1000,0,105,103,120,0,2,1,2,0,-0.23538952,0
30,90,900,1400,95,100,80,101,0,2,1,2,1,-0.23538952,0
0,120,700,1200,110,160,80,150,0,2,1,2,2,0.212276395,0
70,130,1200,1400,80,110,101,102,0,2,1,2,3,-0.23538952,0
80,100,500,900,150,160,90,105,0,2,1,3,0,-0.23538952,0
20,70,600,1400,60,80,90,99,0,2,1,3,1,-0.23538952,0
20,130,900,2000,70,110,95,100,0,2,1,3,2,-0.087002922,0
40,130,300,1100,200,200,50,100,0,2,1,3,3,0.228724942,0
130,140,700,3000,100,160,99,110,0,2,2,0,0,-0.23538952,0
110,130,900,1100,100,160,90,105,0,2,2,0,1,-0.23538952,0
30,30,700,1000,0,110,0,150,0,2,2,0,2,-0.043079998,0
80,90,300,500,60,140,90,100,0,2,2,0,3,-0.23538952,0
10,150,0,600,70,130,100,120,0,2,2,1,0,-0.230697005,0
80,90,600,1800,95,120,98,101,0,2,2,1,1,-0.23538952,0
40,50,1300,3000,50,50,101,150,0,2,2,1,2,-0.23538952,0
20,100,800,1300,50,200,105,105,0,2,2,1,3,-0.072424756,0
100,130,1000,3000,90,110,50,100,0,2,2,2,0,-0.23538952,0
10,130,500,600,70,110,97,120,0,2,2,2,1,-0.242130565,0
20,70,600,1000,70,200,0,98,0,2,2,2,2,-0.23538952,0
10,90,600,1400,50,200,98,150,0,2,2,2,3,-0.088493228,0
60,140,600,700,0,150,110,120,0,2,2,3,0,-0.23538952,0
50,70,300,1500,90,110,100,101,0,2,2,3,1,-0.23538952,0
60,90,800,1500,0,110,102,103,0,2,2,3,2,-0.23538952,0
30,90,1200,1400,50,130,50,50,0,2,2,3,3,-0.23538952,0
70,150,700,3000,70,95,103,103,0,2,3,0,0,-0.23538952,0
40,130,700,1400,130,140,50,95,0,2,3,0,1,-0.23538952,0
70,110,300,1000,60,140,80,110,0,2,3,0,2,-0.23538952,0
40,60,900,900,140,150,50,105,0,2,3,0,3,-0.23538952,0
10,100,0,2000,60,105,99,105,0,2,3,1,0,-0.352260091,0
20,140,1200,1500,120,160,110,120,0,2,3,1,1,-0.23538952,0
40,40,800,1800,140,160,50,110,0,2,3,1,2,-0.23538952,0
50,130,1000,3000,90,160,80,103,0,2,3,1,3,-0.23538952,0
90,120,1400,3000,60,140,0,95,0,2,3,2,0,-0.23538952,0
60,110,1400,2000,110,120,99,120,0,2,3,2,1,-0.23538952,0
50,150,1800,3000,80,110,97,110,0,2,3,2,2,-0.23538952,0
130,150,0,1200,70,100,0,97,0,2,3,2,3,-0.23538952,0
0,50,1300,1500,90,120,80,98,0,2,3,3,0,-0.23538952,0
60,90,700,1100,60,200,0,95,0,2,3,3,1,-0.23538952,0
10,110,1000,1000,0,140,102,120,0,2,3,3,2,-0.23538952,0
30,60,700,1100,150,150,0,100,0,2,3,3,3,-0.25608565,0
40,100,1100,1300,50,160,101,110,0,3,0,0,0,-0.23538952,0
0,130,700,1200,80,110,0,102,0,3,0,0,1,0.96476395,0
50,80,1500,3000,60,130,50,90,0,3,0,0,2,-0.23538952,0
70,100,1200,1800,80,150,0,150,0,3,0,0,3,-0.23538952,0
10,150,600,2000,70,110,102,120,0,3,0,1,0,-0.23538952,0
60,110,1800,1800,90,90,98,103,0,3,0,1,1,-0.23538952,0
0,60,1000,1400,95,110,103,150,0,3,0,1,2,-0.23538952,0
80,140,1200,2000,110,140,0,97,0,3,0,1,3,-0.23538952,0
20,110,800,1000,60,150,0,100,0,3,0,2,0,0.987274531,0
60,90,600,1800,110,150,95,99,0,3,0,2,1,-0.23538952,0
40,110,500,600,100,110,103,120,0,3,0,2,2,-0.23538952,0
120,120,500,1400,90,150,80,102,0,3,0,2,3,0.834336124,0
30,110,800,1100,50,150,50,150,0,3,0,3,0,0.992443366,0
60,70,700,1000,100,150,50,103,0,3,0,3,1,-0.23538952,0
50,100,0,900,0,80,98,103,0,3,0,3,2,-0.23538952,0
40,70,1000,1200,70,130,99,110,0,3,0,3,3,-0.23538952,0
20,90,0,900,90,100,80,103,0,3,1,0,0,-0.148912517,0
80,130,300,1200,50,120,0,99,0,3,1,0,1,-0.23538952,0
30,30,1300,1300,80,150,100,150,0,3,1,0,2,-0.170840577,0
50,150,0,1400,105,110,97,102,0,3,1,0,3,-0.23538952,0
30,100,800,1800,100,140,90,105,0,3,1,1,0,0.141346462,0
30,100,1400,1500,50,160,80,97,0,3,1,1,1,-0.23538952,0
0,0,600,800,90,160,100,100,0,3,1,1,2,0.507431614,0
20,40,500,1500,0,150,80,100,0,3,1,1,3,0.71366118,0
40,40,700,1800,70,95,80,97,0,3,1,2,0,-0.23538952,0
20,150,0,2000,90,120,100,110,0,3,1,2,1,-0.076704121,0
30,110,700,900,95,110,0,102,0,3,1,2,2,0.888329472,0
50,140,300,800,105,200,50,97,0,3,1,2,3,-0.23538952,0
20,60,1400,2000,95,95,50,102,0,3,1,3,0,-0.23538952,0
150,150,900,1100,140,140,101,101,0,3,1,3,1,0.204545115,0
60,140,700,1000,70,100,50,150,0,3,1,3,2,-0.23538952,0
0,40,600,1200,100,150,105,120,0,3,1,3,3,-0.23538952,0
0,10,1000,2000,110,130,101,101,0,3,2,0,0,-0.23538952,0
10,120,1300,1300,95,120,0,150,0,3,2,0,1,0.695908402,0
130,140,800,1500,100,105,100,110,0,3,2,0,2,-0.23538952,0
80,90,1000,1500,160,200,103,103,0,3,2,0,3,-0.23538952,0
60,70,1100,1400,110,140,110,150,0,3,2,1,0,-0.23538952,0
30,60,700,1800,60,120,80,110,0,3,2,1,1,0.766364843,0
40,60,1400,1400,70,130,97,105,0,3,2,1,2,-0.041367743,0
0,140,800,2000,70,160,99,110,0,3,2,1,3,-0.07985758,0
60,150,600,1200,100,140,50,110,0,3,2,2,0,-0.23538952,0
40,70,500,3000,130,160,0,50,0,3,2,2,1,-0.23538952,0
30,90,1400,1500,100,200,101,102,0,3,2,2,2,-0.23538952,0
80,120,1000,2000,140,160,90,103,0,3,2,2,3,-0.23538952,0
30,120,2000,3000,95,140,95,105,0,3,2,3,0,-0.23538952,0
10,80,300,1500,150,200,120,150,0,3,2,3,1,-0.23538952,0
100,140,300,1400,80,105,150,150,0,3,2,3,2,-0.23538952,0
10,90,800,2000,160,200,102,110,0,3,2,3,3,-0.23538952,0
10,30,1100,1300,50,110,97,110,0,3,3,0,0,-0.23538952,0
90,120,500,2000,120,200,0,103,0,3,3,0,1,-0.23538952,0
60,100,1000,1500,0,90,99,120,0,3,3,0,2,-0.23538952,0
30,130,0,1200,80,200,99,103,0,3,3,0,3,-0.355841051,0
10,20,800,900,140,150,98,150,0,3,3,1,0,-0.23538952,0
0,90,800,2000,120,120,97,103,0,3,3,1,1,0.03052455,0
0,100,500,1100,50,90,50,110,0,3,3,1,2,-0.23538952,0
80,150,500,1000,0,100,98,120,0,3,3,1,3,-0.23538952,0
120,130,700,900,110,130,120,150,0,3,3,2,0,-0.23538952,0
110,110,600,1100,100,120,97,120,0,3,3,2,1,0.007593392,0
20,120,600,1200,100,130,95,150,0,3,3,2,2,-0.053442713,0
60,110,600,1300,0,100,80,99,0,3,3,2,3,-0.23538952,0
90,120,1200,3000,80,110,98,99,0,3,3,3,0,-0.23538952,0
40,70,900,3000,50,140,50,101,0,3,3,3,1,-0.23538952,0
40,140,900,1300,70,110,80,105,0,3,3,3,2,-0.23538952,0
30,80,600,1800,0,105,105,110,0,3,3,3,3,-0.23538952,0
10,20,0,800,60,110,95,105,1,0,0,0,0,-0.23538952,0
80,120,800,1200,105,160,95,101,1,0,0,0,1,-0.23538952,0
90,140,500,1200,140,150,100,120,1,0,0,0,2,-0.23538952,0
60,100,1500,1500,0,50,101,103,1,0,0,0,3,-0.23538952,0
0,70,0,1000,0,0,50,98,1,0,0,1,0,-0.23538952,0
90,110,800,3000,90,120,90,97,1,0,0,1,1,-0.23538952,0
90,90,800,800,80,120,95,98,1,0,0,1,2,-0.23538952,0
10,20,1300,2000,80,150,100,102,1,0,0,1,3,-0.23538952,0
40,110,0,0,50,70,90,105,1,0,0,2,0,-0.23538952,0
30,60,500,500,50,130,98,110,1,0,0,2,1,-0.168520605,0
70,120,800,900,120,150,0,95,1,0,0,2,2,-0.23538952,0
20,80,500,1200,90,160,0,80,1,0,0,2,3,-0.23538952,0
70,80,800,1200,95,110,80,103,1,0,0,3,0,-0.23538952,0
40,120,1000,3000,95,105,99,105,1,0,0,3,1,-0.23538952,0
70,70,300,1500,100,130,90,150,1,0,0,3,2,-0.176827489,0
30,100,1100,1500,50,100,0,101,1,0,0,3,3,-0.23538952,0
110,140,2000,2000,140,150,95,120,1,0,1,0,0,-0.23538952,0
40,60,500,700,60,110,102,150,1,0,1,0,1,-0.23538952,0
20,110,500,700,80,110,90,102,1,0,1,0,2,-0.278213306,0
50,150,700,3000,0,200,98,120,1,0,1,0,3,-0.23538952,0
0,20,300,3000,95,160,97,120,1,0,1,1,0,-0.23538952,0
120,150,1000,3000,80,130,50,102,1,0,1,1,1,-0.23538952,0
50,150,700,3000,80,120,90,97,1,0,1,1,2,-0.23538952,0
40,80,600,1200,80,100,95,105,1,0,1,1,3,-0.23538952,0
130,130,700,1100,100,130,100,105,1,0,1,2,0,-0.200154277,0
90,120,900,3000,60,105,80,97,1,0,1,2,1,-0.23538952,0
70,100,300,1300,100,160,90,120,1,0,1,2,2,-0.23538952,0
30,130,1200,1400,50,200,95,100,1,0,1,2,3,-0.23538952,0
0,120,500,1200,105,200,97,105,1,0,1,3,0,-0.162625268,0
40,150,300,800,60,200,100,110,1,0,1,3,1,-0.182264761,0
10,140,300,2000,140,150,80,98,1,0,1,3,2,-0.23538952,0
40,120,0,3000,50,70,97,103,1,0,1,3,3,-0.23538952,0
40,60,0,700,50,200,120,120,1,0,2,0,0,-0.281760356,0
130,130,1100,3000,70,150,99,150,1,0,2,0,1,-0.23538952,0
100,110,700,900,90,95,99,100,1,0,2,0,2,-0.23538952,0
0,130,1000,1000,120,130,0,90,1,0,2,0,3,-0.23538952,0
0,90,1100,1300,80,120,90,105,1,0,2,1,0,-0.23538952,0
40,50,500,1400,90,105,95,103,1,0,2,1,1,-0.359919736,0
0,60,0,700,70,110,102,103,1,0,2,1,2,-0.23538952,0
10,140,500,1400,50,120,102,105,1,0,2,1,3,-0.23538952,0
50,100,1000,3000,80,150,102,105,1,0,2,2,0,-0.23538952,0
60,70,800,800,80,100,95,105,1,0,2,2,1,-0.23538952,0
140,150,800,3000,95,110,80,120,1,0,2,2,2,-0.23538952,0
120,140,800,900,110,130,90,150,1,0,2,2,3,-0.23538952,0
70,80,800,1200,50,150,90,103,1,0,2,3,0,-0.23538952,0
10,100,0,1400,0,50,99,101,1,0,2,3,1,-0.23538952,0
40,110,1100,1500,95,150,98,110,1,0,2,3,2,-0.23538952,0
0,100,600,900,80,160,98,110,1,0,2,3,3,-0.572584267,0
100,110,900,2000,100,105,102,120,1,0,3,0,0,-0.23538952,0
60,110,300,1800,120,120,100,150,1,0,3,0,1,-0.23538952,0
10,60,600,1400,110,140,80,80,1,0,3,0,2,-1.150399436,0
10,80,800,1100,110,110,98,105,1,0,3,0,3,-0.435142236,0
20,80,600,1400,100,150,50,97,1,0,3,1,0,-0.23538952,0
80,90,1200,2000,50,150,97,150,1,0,3,1,1,-0.23538952,0
60,70,700,3000,120,150,95,103,1,0,3,1,2,-0.23538952,0
0,140,900,1100,50,60,95,105,1,0,3,1,3,-0.23538952,0
30,110,500,700,0,160,103,105,1,0,3,2,0,-0.23538952,0
0,70,1100,2000,0,110,102,103,1,0,3,2,1,-0.23538952,0
30,70,1500,1500,0,50,0,90,1,0,3,2,2,-0.23538952,0
130,140,300,1000,70,95,80,99,1,0,3,2,3,-0.23538952,0
40,60,900,1000,60,150,80,105,1,0,3,3,0,-0.23538952,0
20,140,600,3000,0,110,120,120,1,0,3,3,1,-1.671819521,0
10,50,1000,1500,105,110,100,150,1,0,3,3,2,-0.23538952,0
20,100,1800,1800,60,130,50,90,1,0,3,3,3,-0.23538952,0
30,150,0,700,100,100,50,102,1,1,0,0,0,0.076163064,0
10,110,1300,3000,120,160,50,110,1,1,0,0,1,-0.23538952,0
90,150,300,500,110,160,101,105,1,1,0,0,2,-0.23538952,0
50,120,1300,2000,50,95,105,150,1,1,0,0,3,-0.23538952,0
110,140,800,800,50,150,95,98,1,1,0,1,0,-0.23538952,0
10,80,600,1400,80,200,50,100,1,1,0,1,1,0.669300681,0
50,60,900,900,50,70,97,110,1,1,0,1,2,-0.23538952,0
30,60,500,3000,60,160,90,105,1,1,0,1,3,0.082730966,0
20,140,500,900,90,130,90,110,1,1,0,2,0,0.045301417,0
10,140,1500,1500,0,150,90,110,1,1,0,2,1,0.052201531,0
0,20,700,1300,90,110,97,100,1,1,0,2,2,-0.23538952,0
50,150,1000,1200,80,150,98,99,1,1,0,2,3,-0.23538952,0
30,60,300,1100,120,200,99,100,1,1,0,3,0,-0.23538952,0
30,70,600,900,100,150,80,97,1,1,0,3,1,-0.23538952,0
10,90,900,1000,90,140,102,103,1,1,0,3,2,-0.23538952,0
50,70,800,1000,50,95,102,120,1,1,0,3,3,-0.23538952,0
80,130,0,1100,70,105,95,99,1,1,1,0,0,-0.23538952,0
30,130,300,2000,90,130,50,110,1,1,1,0,1,-0.129472515,0
40,90,600,1000,90,130,98,101,1,1,1,0,2,-0.284654414,0
110,110,1000,1300,100,160,100,103,1,1,1,0,3,-0.23538952,0
40,100,700,1500,80,200,95,102,1,1,1,1,0,-0.147356471,0
90,140,2000,3000,105,150,100,102,1,1,1,1,1,-0.23538952,0
50,150,800,900,90,110,98,150,1,1,1,1,2,-0.23538952,0
40,60,300,1200,130,140,95,102,1,1,1,1,3,-0.23538952,0
30,60,500,1200,0,160,99,99,1,1,1,2,0,-0.002105296,0
10,20,1000,2000,0,100,80,98,1,1,1,2,1,-0.23538952,0
0,100,700,2000,95,160,95,102,1,1,1,2,2,-0.083193609,0
0,70,800,1100,0,160,90,90,1,1,1,2,3,-0.143535801,0
20,40,1000,1500,0,200,110,150,1,1,1,3,0,-0.23538952,0
90,120,700,900,110,110,95,98,1,1,1,3,1,-0.23538952,0
110,130,300,900,120,120,50,80,1,1,1,3,2,-0.23538952,0
30,90,0,1300,90,100,50,110,1,1,1,3,3,-0.238731793,0
10,80,500,600,120,130,102,120,1,1,2,0,0,-0.23538952,0
70,90,1000,1300,95,160,102,102,1,1,2,0,1,-0.23538952,0
50,70,1300,1300,90,140,80,97,1,1,2,0,2,-0.23538952,0
60,110,800,900,70,90,50,103,1,1,2,0,3,-0.23538952,0
20,90,600,1800,0,120,97,110,1,1,2,1,0,-0.549447748,0
140,150,0,500,50,200,100,110,1,1,2,1,1,-0.23538952,0
30,100,900,2000,120,120,95,99,1,1,2,1,2,-0.23538952,0
100,150,0,1200,0,140,0,102,1,1,2,1,3,-0.23538952,0
60,70,500,500,70,130,95,120,1,1,2,2,0,-0.23538952,0
90,140,500,1300,140,150,98,100,1,1,2,2,1,-0.23538952,0
40,50,700,3000,60,95,95,110,1,1,2,2,2,-0.23538952,0
110,110,1800,1800,50,50,105,150,1,1,2,2,3,-0.23538952,0
0,110,600,1400,0,130,99,150,1,1,2,3,0,-0.176249411,0
140,150,700,1500,90,160,80,101,1,1,2,3,1,-0.23538952,0
0,140,1200,1300,0,160,99,102,1,1,2,3,2,-0.23538952,0
20,150,700,1500,0,95,97,150,1,1,2,3,3,-0.23538952,0
120,120,900,1400,80,130,105,120,1,1,3,0,0,-0.23538952,0
40,80,600,1300,50,200,80,102,1,1,3,0,1,-0.348529139,0
110,130,0,1400,70,160,50,90,1,1,3,0,2,-0.23538952,0
80,130,1100,1800,90,130,80,120,1,1,3,0,3,-0.23538952,0
80,130,0,1500,0,100,98,100,1,1,3,1,0,-0.23538952,0
110,110,1000,1100,105,200,105,120,1,1,3,1,1,-0.23538952,0
20,100,500,2000,70,95,90,90,1,1,3,1,2,-0.23538952,0
50,60,300,700,95,105,95,110,1,1,3,1,3,-0.23538952,0
120,140,1300,1500,95,160,50,99,1,1,3,2,0,-0.23538952,0
0,100,1500,3000,95,120,102,102,1,1,3,2,1,-0.23538952,0
30,140,800,1100,80,130,100,120,1,1,3,2,2,-0.692569258,0
20,130,600,1300,80,95,97,120,1,1,3,2,3,-0.23538952,0
110,130,900,3000,70,110,102,120,1,1,3,3,0,-0.23538952,0
20,90,1000,2000,80,200,102,105,1,1,3,3,1,-0.23538952,0
60,120,500,600,95,130,50,95,1,1,3,3,2,-0.23538952,0
60,130,800,1300,80,160,80,97,1,1,3,3,3,-0.23538952,0
100,110,0,1500,60,105,97,150,1,2,0,0,0,-0.23538952,0
30,110,800,2000,70,105,0,50,1,2,0,0,1,-0.23538952,0
70,140,1100,2000,0,95,90,95,1,2,0,0,2,-0.23538952,0
10,110,900,1500,80,120,50,100,1,2,0,0,3,-0.240243629,0
110,130,1200,1400,70,200,97,103,1,2,0,1,0,-0.23538952,0
0,40,800,1800,80,95,102,120,1,2,0,1,1,-0.23538952,0
10,40,1400,2000,95,120,102,103,1,2,0,1,2,-0.23538952,0
50,130,0,700,0,200,50,90,1,2,0,1,3,-0.23538952,0
70,120,600,1800,0,60,90,100,1,2,0,2,0,-0.23538952,0
80,140,300,700,50,60,97,105,1,2,0,2,1,-0.23538952,0
10,130,0,800,0,150,50,50,1,2,0,2,2,0.505930867,0
10,20,1000,1800,60,140,80,90,1,2,0,2,3,-0.23538952,0
30,130,1100,1500,90,110,100,102,1,2,0,3,0,-0.23538952,0
0,40,700,2000,90,110,120,120,1,2,0,3,1,0.855484185,0
90,130,1100,3000,70,140,105,150,1,2,0,3,2,-0.23538952,0
60,130,1800,3000,80,90,0,95,1,2,0,3,3,-0.23538952,0
70,130,1000,3000,100,100,98,100,1,2,1,0,0,-0.23538952,0
100,150,500,2000,60,95,100,150,1,2,1,0,1,-0.23538952,0
30,50,300,2000,105,110,80,102,1,2,1,0,2,0.745415217,0
110,140,900,3000,80,100,50,102,1,2,1,0,3,-0.23538952,0
40,70,300,700,105,160,50,80,1,2,1,1,0,-0.23538952,0
20,30,500,1000,100,200,97,100,1,2,1,1,1,-0.162780796,0
10,90,0,2000,70,105,101,150,1,2,1,1,2,-0.23538952,0
40,90,800,3000,80,105,95,101,1,2,1,1,3,-0.247207877,0
40,60,700,1000,50,110,98,98,1,2,1,2,0,0.275655504,0
40,150,900,3000,50,160,101,110,1,2,1,2,1,-0.23538952,0
140,150,1200,1300,95,120,50,150,1,2,1,2,2,-0.23538952,0
0,130,600,1500,100,120,80,102,1,2,1,2,3,0.737095467,0
10,150,1100,1100,70,130,50,101,1,2,1,3,0,0.874522496,0
40,70,700,1000,110,200,98,105,1,2,1,3,1,-0.23538952,0
80,110,800,900,90,105,50,102,1,2,1,3,2,-0.23538952,0
40,70,1400,3000,50,105,80,120,1,2,1,3,3,-0.23538952,0
80,150,500,1000,80,200,97,120,1,2,2,0,0,-0.23538952,0
40,120,1100,3000,0,95,90,150,1,2,2,0,1,-0.23538952,0
0,90,700,800,80,90,99,101,1,2,2,0,2,-0.23538952,0
100,110,1100,1500,60,150,99,101,1,2,2,0,3,-0.23538952,0
90,150,0,1100,60,95,90,97,1,2,2,1,0,-0.23538952,0
60,100,2000,3000,110,140,90,100,1,2,2,1,1,-0.23538952,0
20,70,800,1800,50,95,90,102,1,2,2,1,2,-0.23538952,0
70,110,500,1500,80,100,98,120,1,2,2,1,3,-0.23538952,0
60,110,1200,1500,90,150,90,150,1,2,2,2,0,-0.23538952,0
20,140,600,1400,70,110,0,101,1,2,2,2,1,0.041491255,0
30,120,300,2000,50,70,97,100,1,2,2,2,2,-0.23538952,0
60,70,0,1000,60,120,80,97,1,2,2,2,3,-0.23538952,0
80,80,0,600,90,105,80,101,1,2,2,3,0,-0.205025845,0
80,120,300,1500,90,95,98,99,1,2,2,3,1,-0.23538952,0
10,20,1100,1400,0,200,102,105,1,2,2,3,2,-0.23538952,0
0,140,300,1200,50,150,0,97,1,2,2,3,3,-0.23538952,0
70,90,1000,1100,60,100,97,102,1,2,3,0,0,-0.23538952,0
60,70,600,1000,130,200,120,150,1,2,3,0,1,-0.23538952,0
100,140,300,1400,140,150,50,90,1,2,3,0,2,-0.23538952,0
10,50,800,1200,95,130,110,120,1,2,3,0,3,-0.23538952,0
10,120,0,1000,50,130,110,110,1,2,3,1,0,-1.331296681,0
0,50,900,1000,70,100,102,103,1,2,3,1,1,-0.23538952,0
110,120,600,1000,80,120,103,105,1,2,3,1,2,-0.23538952,0
40,50,900,1200,60,120,50,103,1,2,3,1,3,-0.23538952,0
140,150,0,1200,50,100,90,99,1,2,3,2,0,-0.23538952,0
130,150,0,800,50,110,80,101,1,2,3,2,1,-0.23538952,0
50,130,600,1300,130,140,90,110,1,2,3,2,2,-0.23538952,0
60,90,900,1200,100,130,50,99,1,2,3,2,3,-0.23538952,0
20,100,700,1000,100,200,100,102,1,2,3,3,0,-0.161359911,0
20,90,1100,1100,105,110,98,99,1,2,3,3,1,-0.23538952,0
20,40,1200,1300,130,200,95,110,1,2,3,3,2,-0.23538952,0
20,100,900,1300,105,130,80,110,1,2,3,3,3,-0.389540529,0
10,130,1800,2000,150,160,50,90,1,3,0,0,0,-0.23538952,0
40,80,1200,1300,60,70,50,150,1,3,0,0,1,-0.23538952,0
0,120,500,700,130,150,80,90,1,3,0,0,2,-0.23538952,0
140,150,800,2000,100,150,80,98,1,3,0,0,3,-0.23538952,0
70,130,900,1000,60,90,99,120,1,3,0,1,0,-0.23538952,0
10,60,0,1800,80,150,90,90,1,3,0,1,1,0.973055469,0
0,30,2000,2000,60,110,0,110,1,3,0,1,2,0.030983509,0
40,120,1100,1800,120,150,50,97,1,3,0,1,3,-0.23538952,0
50,60,800,1200,80,160,150,150,1,3,0,2,0,-0.23538952,0
40,120,0,1800,60,200,90,97,1,3,0,2,1,-0.23538952,0
120,140,300,700,110,120,0,98,1,3,0,2,2,-0.23538952,0
30,110,600,2000,100,130,90,101,1,3,0,2,3,0.145543838,0
30,110,1500,3000,60,70,98,150,1,3,0,3,0,-0.23538952,0
20,150,0,600,100,200,98,103,1,3,0,3,1,-0.15347759,0
10,80,1000,1500,60,130,80,100,1,3,0,3,2,-0.23538952,0
70,80,1100,1200,150,160,98,99,1,3,0,3,3,-0.23538952,0
120,140,300,1100,60,95,50,90,1,3,1,0,0,-0.23538952,0
40,120,300,1300,100,200,99,103,1,3,1,0,1,-0.132845474,0
150,150,800,1200,95,130,50,120,1,3,1,0,2,0.925806009,0
30,40,500,900,90,150,102,105,1,3,1,0,3,-0.23538952,0
100,120,600,1400,110,120,102,110,1,3,1,1,0,-0.23538952,0
100,150,900,1000,60,140,100,101,1,3,1,1,1,-0.23538952,0
0,140,800,1300,105,160,95,100,1,3,1,1,2,-0.033041806,0
0,70,500,1500,100,140,101,120,1,3,1,1,3,-0.23538952,0
30,70,800,1000,160,160,120,150,1,3,1,2,0,-0.23538952,0
10,60,0,3000,50,100,80,150,1,3,1,2,1,-0.149022181,0
0,20,700,1200,60,100,97,110,1,3,1,2,2,-0.23538952,0
140,150,1200,1300,70,110,90,105,1,3,1,2,3,-0.23538952,0
70,110,500,1400,70,110,0,97,1,3,1,3,0,-0.23538952,0
10,80,800,1200,95,200,95,110,1,3,1,3,1,-0.038979675,0
120,120,600,1400,70,150,80,103,1,3,1,3,2,0.876470118,0
40,110,1200,1500,130,160,100,110,1,3,1,3,3,-0.23538952,0
60,70,500,600,50,110,95,100,1,3,2,0,0,-0.23538952,0
110,110,300,1500,70,110,50,101,1,3,2,0,1,0.763351747,0
90,120,1000,1300,70,120,0,100,1,3,2,0,2,-0.23538952,0
20,90,300,1300,110,150,0,150,1,3,2,0,3,0.232188847,0
40,140,1100,1500,50,200,90,95,1,3,2,1,0,-0.23538952,0
0,120,700,1100,100,120,101,102,1,3,2,1,1,-0.23538952,0
0,60,600,1100,60,100,100,100,1,3,2,1,2,-0.206060196,0
0,130,700,3000,95,160,99,103,1,3,2,1,3,-0.079409877,0
0,150,800,1400,120,130,95,150,1,3,2,2,0,-0.23538952,0
10,60,900,1500,0,105,80,101,1,3,2,2,1,-0.23538952,0
110,120,1100,2000,90,140,80,103,1,3,2,2,2,-0.23538952,0
0,80,800,1400,70,120,95,95,1,3,2,2,3,0.742748911,0
90,110,0,600,80,130,90,150,1,3,2,3,0,-0.23538952,0
80,90,1000,1500,140,200,100,102,1,3,2,3,1,-0.23538952,0
90,100,900,1400,95,140,97,105,1,3,2,3,2,-0.23538952,0
50,140,600,900,70,160,50,50,1,3,2,3,3,-0.23538952,0
0,120,700,2000,90,90,80,101,1,3,3,0,0,0.022334861,0
10,150,700,1100,50,110,97,97,1,3,3,0,1,0.027460877,0
0,70,300,1800,80,160,80,90,1,3,3,0,2,-0.23538952,0
0,100,900,1100,80,160,110,120,1,3,3,0,3,-0.23538952,0
100,130,1000,1300,100,120,105,150,1,3,3,1,0,-0.23538952,0
80,90,1500,1800,80,160,0,100,1,3,3,1,1,-0.23538952,0
30,100,600,2000,105,120,95,120,1,3,3,1,2,-0.06506482,0
10,50,300,3000,110,120,95,101,1,3,3,1,3,-0.275265846,0
90,140,300,1800,70,95,80,95,1,3,3,2,0,-0.23538952,0
40,50,300,2000,70,105,97,100,1,3,3,2,1,-0.07092467,0
110,120,600,700,50,60,95,100,1,3,3,2,2,-0.23538952,0
30,70,500,1500,60,130,97,102,1,3,3,2,3,-0.082386386,0
0,120,600,1800,120,130,90,102,1,3,3,3,0,-0.23538952,0
40,140,0,1000,95,120,98,101,1,3,3,3,1,-0.123247721,0
40,90,1000,1800,60,90,0,150,1,3,3,3,2,-0.23538952,0
70,70,900,1800,95,105,90,120,1,3,3,3,3,-0.23538952,0
80,140,600,1800,100,120,80,98,2,0,0,0,0,-0.23538952,0
10,120,1000,1800,90,130,80,150,2,0,0,0,1,-0.23538952,0
30,50,600,700,95,150,90,90,2,0,0,0,2,-0.26855202,0
70,130,1000,2000,0,105,80,105,2,0,0,0,3,-0.23538952,0
20,80,1000,1500,70,140,99,99,2,0,0,1,0,-0.23538952,0
100,150,900,1100,70,100,0,150,2,0,0,1,1,-0.23538952,0
60,110,500,2000,95,95,90,97,2,0,0,1,2,-0.23538952,0
0,80,1100,1500,110,160,102,120,2,0,0,1,3,-0.23538952,0
40,50,0,2000,50,120,98,100,2,0,0,2,0,-0.17908532,0
90,90,800,1800,95,100,98,101,2,0,0,2,1,-0.23538952,0
20,40,1800,2000,105,110,50,97,2,0,0,2,2,-0.23538952,0
80,150,600,600,130,130,99,101,2,0,0,2,3,-0.23538952,0
30,110,0,500,50,60,80,102,2,0,0,3,0,-0.23538952,0
20,70,1500,3000,150,200,101,105,2,0,0,3,1,-0.23538952,0
30,40,800,2000,130,200,0,99,2,0,0,3,2,-0.23538952,0
20,80,900,2000,50,50,100,102,2,0,0,3,3,-0.23459647,0
40,130,1100,2000,70,160,90,97,2,0,1,0,0,-0.23538952,0
20,40,1500,1500,95,130,102,103,2,0,1,0,1,-0.23538952,0
40,50,1100,2000,0,70,98,150,2,0,1,0,2,-0.23538952,0
120,140,0,1800,100,130,98,100,2,0,1,0,3,-0.23538952,0
90,110,0,1800,80,140,95,98,2,0,1,1,0,-0.23538952,0
70,110,300,1200,95,200,110,150,2,0,1,1,1,-0.23538952,0
30,140,600,1500,50,70,50,80,2,0,1,1,2,-0.23538952,0
0,110,300,500,90,120,97,150,2,0,1,1,3,-0.23538952,0
0,0,700,700,50,140,98,102,2,0,1,2,0,-0.342042755,0
50,50,700,1500,0,160,0,80,2,0,1,2,1,-0.23538952,0
30,70,900,1400,100,150,0,101,2,0,1,2,2,-0.276552452,0
50,50,2000,3000,50,95,100,105,2,0,1,2,3,-0.23538952,0
70,70,800,1800,80,95,0,97,2,0,1,3,0,-0.23538952,0
20,70,300,1000,100,160,100,102,2,0,1,3,1,-0.181533839,0
50,110,0,3000,150,200,90,102,2,0,1,3,2,-0.23538952,0
50,130,500,1500,60,150,101,120,2,0,1,3,3,-0.23538952,0
10,120,500,1200,50,105,0,101,2,0,2,0,0,-0.318734312,0
40,120,800,1000,80,160,0,101,2,0,2,0,1,-0.317456825,0
20,40,700,1800,80,90,101,110,2,0,2,0,2,-0.23538952,0
40,150,0,900,50,70,99,101,2,0,2,0,3,-0.23538952,0
90,120,1100,1200,105,150,50,105,2,0,2,1,0,-0.23538952,0
110,140,0,600,50,200,120,150,2,0,2,1,1,-0.23538952,0
0,50,1500,1800,120,150,98,103,2,0,2,1,2,-0.23538952,0
80,100,1300,1300,70,150,110,120,2,0,2,1,3,-0.23538952,0
30,80,900,1000,80,140,97,120,2,0,2,2,0,-0.545722448,0
30,50,900,900,95,130,98,99,2,0,2,2,1,-0.23538952,0
70,80,1100,2000,95,130,0,99,2,0,2,2,2,-0.23538952,0
0,20,800,2000,0,130,90,98,2,0,2,2,3,-0.23538952,0
130,130,1300,1300,105,200,99,110,2,0,2,3,0,-0.20475859,0
20,40,1800,1800,80,130,98,101,2,0,2,3,1,-0.324123366,0
0,140,800,2000,130,140,105,150,2,0,2,3,2,-0.23538952,0
30,150,1300,2000,60,130,80,98,2,0,2,3,3,-0.23538952,0
30,30,600,800,70,140,0,102,2,0,3,0,0,-0.374624596,0
110,150,500,700,130,150,99,99,2,0,3,0,1,-0.23538952,0
110,120,700,1500,50,150,98,100,2,0,3,0,2,-0.23538952,0
110,130,900,1400,95,120,100,105,2,0,3,0,3,-0.23538952,0
70,110,500,900,105,140,80,105,2,0,3,1,0,-0.23538952,0
30,120,500,900,50,90,97,101,2,0,3,1,1,-0.23538952,0
20,110,0,1400,140,160,80,100,2,0,3,1,2,-0.23538952,0
30,30,1100,1800,80,140,90,103,2,0,3,1,3,-0.23538952,0
0,90,900,1800,90,100,50,99,2,0,3,2,0,-0.23538952,0
50,100,1300,1500,70,200,105,105,2,0,3,2,1,-0.23538952,0
110,120,1400,2000,60,100,0,103,2,0,3,2,2,-0.23538952,0
60,80,300,1100,60,100,101,110,2,0,3,2,3,-0.23538952,0
10,100,900,1300,100,200,50,80,2,0,3,3,0,-0.23538952,0
0,120,1200,1800,50,60,98,98,2,0,3,3,1,-0.23538952,0
20,100,800,1800,70,130,97,97,2,0,3,3,2,-1.314015508,0
0,40,800,3000,100,100,101,150,2,0,3,3,3,-0.23538952,0
0,10,800,2000,90,130,80,99,2,1,0,0,0,-0.23538952,0
40,110,0,600,60,110,103,103,2,1,0,0,1,-0.233626301,0
50,70,500,800,90,105,0,110,2,1,0,0,2,-0.23538952,0
0,90,600,1300,60,140,99,105,2,1,0,0,3,-0.140969158,0
0,70,700,1200,120,200,98,110,2,1,0,1,0,-0.23538952,0
70,140,1500,2000,60,95,90,99,2,1,0,1,1,-0.23538952,0
10,150,3000,3000,0,110,50,120,2,1,0,1,2,0.548756788,0
0,40,500,1300,80,110,90,98,2,1,0,1,3,-0.23538952,0
10,90,1200,1500,80,160,105,120,2,1,0,2,0,-0.23538952,0
60,120,700,1800,95,200,50,100,2,1,0,2,1,-0.23538952,0
20,120,700,700,100,150,99,99,2,1,0,2,2,0.653143555,0
30,140,0,3000,105,120,95,95,2,1,0,2,3,0.543853767,0
10,30,1000,1400,110,120,50,105,2,1,0,3,0,-0.23538952,0
20,100,700,1500,90,200,80,150,2,1,0,3,1,0.606955647,0
130,130,600,1400,60,120,98,120,2,1,0,3,2,-0.169791601,0
30,120,700,1300,50,130,50,150,2,1,0,3,3,0.511909663,0
0,40,0,1200,50,110,50,99,2,1,1,0,0,-0.23538952,0
90,120,300,3000,100,120,90,98,2,1,1,0,1,-0.23538952,0
50,110,800,1800,70,100,99,103,2,1,1,0,2,-0.23538952,0
10,110,300,1400,105,200,80,105,2,1,1,0,3,-0.228757507,0
100,150,600,600,50,120,0,101,2,1,1,1,0,-0.23538952,0
60,110,900,1300,90,200,50,80,2,1,1,1,1,-0.23538952,0
30,120,2000,3000,95,140,50,102,2,1,1,1,2,-0.23538952,0
20,30,600,600,105,200,50,105,2,1,1,1,3,-0.284848146,0
30,80,0,1200,95,140,95,100,2,1,1,2,0,0.027979117,0
60,110,600,900,90,130,102,120,2,1,1,2,1,-0.23538952,0
90,110,700,1200,50,50,98,120,2,1,1,2,2,-0.23538952,0
10,80,1000,1500,0,120,105,105,2,1,1,2,3,-0.23538952,0
30,140,800,1000,60,90,50,110,2,1,1,3,0,-0.23538952,0
60,110,300,2000,80,150,100,102,2,1,1,3,1,-0.23538952,0
50,110,300,500,50,60,97,98,2,1,1,3,2,-0.23538952,0
0,140,300,1500,160,160,97,100,2,1,1,3,3,-0.079985006,0
10,100,300,1500,70,100,0,0,2,1,2,0,0,-0.300252762,0
60,120,0,1400,70,150,102,150,2,1,2,0,1,-0.23538952,0
40,80,1100,1500,0,130,0,90,2,1,2,0,2,-0.23538952,0
90,110,1100,3000,0,120,99,100,2,1,2,0,3,-0.23538952,0
90,120,1200,3000,50,130,95,98,2,1,2,1,0,-0.23538952,0
30,70,1000,1400,130,130,97,150,2,1,2,1,1,-0.23538952,0
80,110,300,1200,50,160,97,105,2,1,2,1,2,-0.23538952,0
140,150,600,1200,100,100,0,95,2,1,2,1,3,-0.23538952,0
10,150,700,1000,80,140,110,120,2,1,2,2,0,-0.23538952,0
20,90,800,3000,0,80,95,150,2,1,2,2,1,-0.23538952,0
10,140,900,1800,50,140,90,110,2,1,2,2,2,-0.447071655,0
0,80,0,1800,105,110,103,110,2,1,2,2,3,-0.23538952,0
0,120,700,1400,60,110,98,103,2,1,2,3,0,-0.176245152,0
10,100,1300,1500,60,160,110,150,2,1,2,3,1,-0.23538952,0
90,110,0,300,95,105,99,99,2,1,2,3,2,-0.23538952,0
50,60,500,1100,80,130,0,120,2,1,2,3,3,-0.23538952,0
30,60,700,800,60,130,102,103,2,1,3,0,0,-0.23538952,0
10,30,800,1200,90,160,0,90,2,1,3,0,1,-0.23538952,0
20,150,700,1400,0,70,90,110,2,1,3,0,2,-0.23538952,0
10,70,500,700,140,160,80,90,2,1,3,0,3,-0.23538952,0
0,100,800,1000,95,100,97,120,2,1,3,1,0,-0.23538952,0
70,100,600,1200,120,200,97,120,2,1,3,1,1,-0.23538952,0
0,10,300,3000,50,60,100,102,2,1,3,1,2,-0.23538952,0
20,70,300,1000,0,150,110,150,2,1,3,1,3,-0.23538952,0
40,150,700,1100,110,200,0,99,2,1,3,2,0,-0.23538952,0
40,60,500,1100,70,95,50,99,2,1,3,2,1,-0.23538952,0
30,80,0,600,110,160,90,101,2,1,3,2,2,-0.274927008,0
0,0,1200,1400,0,95,0,97,2,1,3,2,3,-0.23538952,0
50,70,0,2000,110,130,50,99,2,1,3,3,0,-0.23538952,0
10,20,600,1300,110,130,110,120,2,1,3,3,1,-0.23538952,0
40,40,500,1400,100,140,110,150,2,1,3,3,2,-0.23538952,0
60,100,1400,1400,70,90,90,100,2,1,3,3,3,-0.23538952,0
20,60,300,1500,60,130,0,100,2,2,0,0,0,0.989654261,0
0,20,700,1000,50,60,50,150,2,2,0,0,1,-0.23538952,0
10,130,300,3000,0,150,80,150,2,2,0,0,2,0.903965493,0
10,50,700,1400,150,150,99,99,2,2,0,0,3,0.886677349,0
90,120,1400,1500,60,110,80,120,2,2,0,1,0,-0.23538952,0
60,130,1400,1800,100,110,99,105,2,2,0,1,1,-0.23538952,0
100,110,500,1100,0,95,80,100,2,2,0,1,2,-0.23538952,0
20,60,0,1100,0,140,80,102,2,2,0,1,3,0.852930251,0
100,120,1000,1400,70,120,95,150,2,2,0,2,0,-0.23538952,0
70,140,500,600,70,95,90,102,2,2,0,2,1,-0.23538952,0
50,50,800,1000,70,105,97,102,2,2,0,2,2,-0.070794964,0
70,100,600,800,60,105,50,98,2,2,0,2,3,-0.23538952,0
70,100,700,700,120,120,50,90,2,2,0,3,0,-0.23538952,0
30,150,1500,3000,50,100,97,101,2,2,0,3,1,-0.23538952,0
50,70,1000,1100,80,95,50,90,2,2,0,3,2,-0.23538952,0
20,120,500,2000,60,140,0,103,2,2,0,3,3,0.873417172,0
40,70,0,1400,110,160,0,97,2,2,1,0,0,-0.23538952,0
40,140,800,3000,50,80,101,110,2,2,1,0,1,-0.23538952,0
100,130,1500,3000,90,120,80,95,2,2,1,0,2,-0.23538952,0
10,150,2000,3000,50,160,90,98,2,2,1,0,3,-0.23538952,0
50,90,300,1100,90,110,50,97,2,2,1,1,0,-0.23538952,0
80,80,800,1300,0,160,50,110,2,2,1,1,1,0.844376334,0
20,70,0,800,50,60,50,97,2,2,1,1,2,-0.23538952,0
50,100,500,1800,50,120,95,95,2,2,1,1,3,-0.23538952,0
0,130,2000,2000,60,200,101,102,2,2,1,2,0,-0.23538952,0
20,130,1200,2000,0,80,110,110,2,2,1,2,1,-0.23538952,0
30,40,1000,3000,80,130,101,110,2,2,1,2,2,-0.23538952,0
10,80,1400,1500,95,100,0,95,2,2,1,2,3,-0.23538952,0
20,30,300,300,90,110,80,98,2,2,1,3,0,-0.23538952,0
30,130,700,700,130,140,95,150,2,2,1,3,1,-0.23538952,0
110,150,900,1800,60,120,100,101,2,2,1,3,2,-0.23538952,0
10,100,800,3000,0,50,80,90,2,2,1,3,3,-0.23538952,0
70,140,1200,1200,0,110,103,103,2,2,2,0,0,-0.23538952,0
10,60,300,1800,0,95,100,105,2,2,2,0,1,-0.23538952,0
30,70,700,1300,70,150,120,120,2,2,2,0,2,-0.028673188,0
90,150,0,1500,0,120,80,105,2,2,2,0,3,-0.23538952,0
90,90,900,2000,95,95,100,110,2,2,2,1,0,-0.201544004,0
100,100,0,1800,100,120,90,150,2,2,2,1,1,0.023699287,0
20,20,300,1200,95,150,0,110,2,2,2,1,2,-0.075461146,0
20,90,600,700,50,60,95,95,2,2,2,1,3,-0.23538952,0
30,70,800,1000,105,105,50,105,2,2,2,2,0,0.126380127,0
30,40,500,1400,50,150,98,101,2,2,2,2,1,0.014174249,0
110,140,500,3000,200,200,101,101,2,2,2,2,2,-0.23538952,0
50,120,1500,3000,70,150,102,150,2,2,2,2,3,-0.23538952,0
0,150,1100,1200,105,120,80,120,2,2,2,3,0,-0.23538952,0
0,60,600,900,80,110,50,100,2,2,2,3,1,0.085979398,0
0,140,500,1200,120,150,100,150,2,2,2,3,2,-0.23538952,0
40,50,3000,3000,100,140,0,100,2,2,2,3,3,-0.082109951,0
20,100,500,1000,110,160,50,80,2,2,3,0,0,-0.23538952,0
0,110,1400,1800,70,100,95,99,2,2,3,0,1,-0.23538952,0
20,150,1200,1400,50,60,50,103,2,2,3,0,2,-0.23538952,0
60,150,1100,1800,50,95,80,95,2,2,3,0,3,-0.23538952,0
40,130,800,1200,80,200,95,100,2,2,3,1,0,-0.236405324,0
0,10,600,1200,60,95,103,110,2,2,3,1,1,-0.23538952,0
70,90,0,2000,0,140,95,101,2,2,3,1,2,-0.23538952,0
20,90,1000,2000,90,110,95,100,2,2,3,1,3,-0.23538952,0
80,90,1800,2000,80,160,90,150,2,2,3,2,0,-0.23538952,0
10,30,1400,3000,50,160,90,95,2,2,3,2,1,-0.23538952,0
10,100,1100,1200,70,160,99,101,2,2,3,2,2,-0.23538952,0
140,150,0,1000,70,120,0,110,2,2,3,2,3,-0.23538952,0
30,120,300,1000,70,150,100,150,2,2,3,3,0,-0.161355652,0
10,150,0,1500,130,160,97,97,2,2,3,3,1,-0.23538952,0
10,30,1000,3000,0,105,100,103,2,2,3,3,2,-0.23538952,0
10,50,700,700,80,160,80,102,2,2,3,3,3,-0.354396457,0
60,90,1000,1400,100,120,101,103,2,3,0,0,0,-0.23538952,0
10,80,0,900,105,160,0,120,2,3,0,0,1,0.956398344,0
60,60,2000,2000,80,140,80,101,2,3,0,0,2,0.938309386,0
50,80,1300,1300,50,105,97,105,2,3,0,0,3,-0.23538952,0
50,60,500,1300,90,120,50,98,2,3,0,1,0,-0.23538952,0
10,90,500,700,50,160,97,98,2,3,0,1,1,-0.23538952,0
20,120,2000,3000,100,140,90,103,2,3,0,1,2,-0.23538952,0
10,30,600,1000,130,160,95,110,2,3,0,1,3,-0.23538952,0
150,150,800,1100,105,130,97,150,2,3,0,2,0,-0.036535652,0
30,100,900,900,60,200,80,101,2,3,0,2,1,1.001598976,0
10,70,500,1100,95,140,102,150,2,3,0,2,2,-0.23538952,0
0,140,0,2000,100,200,0,110,2,3,0,2,3,0.893155584,0
0,140,700,1500,140,150,95,95,2,3,0,3,0,-0.23538952,0
20,140,700,1100,160,160,90,90,2,3,0,3,1,1.011472458,0
10,80,900,1400,50,130,50,100,2,3,0,3,2,0.232905165,0
10,20,0,900,130,200,102,103,2,3,0,3,3,-0.23538952,0
90,130,600,900,70,130,99,110,2,3,1,0,0,-0.23538952,0
60,70,0,1200,100,105,50,103,2,3,1,0,1,-0.23538952,0
30,50,800,1500,105,120,0,102,2,3,1,0,2,0.918941495,0
10,20,1400,1500,0,130,95,101,2,3,1,0,3,-0.23538952,0
60,120,800,1400,0,160,97,150,2,3,1,1,0,-0.23538952,0
70,100,1200,2000,95,100,98,120,2,3,1,1,1,-0.23538952,0
110,120,700,900,120,150,101,103,2,3,1,1,2,-0.23538952,0
40,110,700,1400,50,160,80,102,2,3,1,1,3,0.463894469,0
20,50,700,1500,100,130,0,99,2,3,1,2,0,-0.23538952,0
20,110,800,1100,50,110,80,90,2,3,1,2,1,-0.23538952,0
40,130,1200,2000,120,140,95,98,2,3,1,2,2,-0.23538952,0
20,90,1400,1400,110,160,98,101,2,3,1,2,3,-0.075445405,0
20,20,300,1400,110,150,50,100,2,3,1,3,0,0.543487657,0
0,10,1300,1300,120,200,95,110,2,3,1,3,1,-0.23538952,0
20,60,0,3000,105,130,0,120,2,3,1,3,2,0.889876708,0
20,100,900,2000,90,150,90,120,2,3,1,3,3,0.078544384,0
0,130,900,1500,95,110,0,101,2,3,2,0,0,0.139242038,0
20,50,700,1400,50,160,80,110,2,3,2,0,1,0.816412792,0
10,130,500,1200,70,130,80,110,2,3,2,0,2,0.700709786,0
40,80,300,1200,80,140,95,95,2,3,2,0,3,0.310642521,0
30,130,600,1400,0,105,0,101,2,3,2,1,0,0.232079024,0
40,80,1500,2000,90,95,98,99,2,3,2,1,1,-0.23538952,0
0,120,600,600,0,130,0,110,2,3,2,1,2,0.701459774,0
120,140,1500,3000,110,200,50,110,2,3,2,1,3,-0.23538952,0
20,140,300,1300,50,140,97,103,2,3,2,2,0,-0.099731626,0
10,80,300,900,105,120,90,100,2,3,2,2,1,0.160580123,0
50,110,500,900,140,200,50,90,2,3,2,2,2,-0.23538952,0
60,70,700,2000,105,110,101,102,2,3,2,2,3,-0.23538952,0
0,50,500,1300,50,120,50,100,2,3,2,3,0,0.797385797,0
70,120,700,1300,50,130,97,101,2,3,2,3,1,-0.23538952,0
20,70,600,1800,50,160,100,110,2,3,2,3,2,-0.118950936,0
90,140,1000,1100,70,95,97,99,2,3,2,3,3,-0.23538952,0
30,60,800,1500,100,200,50,110,2,3,3,0,0,0.064736782,0
50,60,1200,1500,150,160,97,98,2,3,3,0,1,-0.23538952,0
0,120,500,800,70,120,101,103,2,3,3,0,2,-0.23538952,0
80,110,0,600,50,70,105,110,2,3,3,0,3,-0.23538952,0
20,130,300,1000,110,110,97,102,2,3,3,1,0,0.028993483,0
70,90,800,1100,150,150,98,120,2,3,3,1,1,-0.23538952,0
50,100,1300,1500,100,200,80,90,2,3,3,1,2,-0.23538952,0
50,90,500,1100,160,160,80,98,2,3,3,1,3,-0.23538952,0
10,40,500,600,50,140,105,110,2,3,3,2,0,-0.23538952,0
60,140,1300,1800,120,160,90,103,2,3,3,2,1,-0.23538952,0
0,100,1400,1400,90,130,99,120,2,3,3,2,2,-0.007061234,0
50,90,600,1500,90,140,80,97,2,3,3,2,3,-0.23538952,0
30,110,500,1000,60,130,90,105,2,3,3,3,0,0.156438834,0
20,110,700,700,50,110,80,110,2,3,3,3,1,0.126529513,0
60,150,600,1400,100,160,97,97,2,3,3,3,2,-0.23538952,0
0,50,800,3000,0,110,0,120,2,3,3,3,3,0.072756017,0
20,70,800,900,95,120,80,105,3,0,0,0,0,-0.218938485,0
90,130,700,1800,140,160,95,101,3,0,0,0,1,-0.23538952,0
130,140,500,800,130,140,90,103,3,0,0,0,2,-0.23538952,0
100,110,500,800,110,140,50,97,3,0,0,0,3,-0.23538952,0
50,50,0,1100,95,120,90,150,3,0,0,1,0,-0.17003513,0
20,30,300,1200,60,70,80,98,3,0,0,1,1,-0.23538952,0
0,70,0,1100,0,70,99,120,3,0,0,1,2,-0.23538952,0
20,40,900,2000,95,150,50,80,3,0,0,1,3,-0.23538952,0
90,130,900,2000,160,200,99,100,3,0,0,2,0,-0.23538952,0
110,130,0,1300,0,100,80,98,3,0,0,2,1,-0.23538952,0
90,110,1000,1000,0,150,50,110,3,0,0,2,2,-0.23538952,0
100,100,1100,1200,140,150,105,150,3,0,0,2,3,-0.23538952,0
0,70,1300,1300,130,130,90,101,3,0,0,3,0,-0.017895381,0
90,100,900,1300,80,120,105,105,3,0,0,3,1,-0.23538952,0
60,60,500,1400,95,140,110,110,3,0,0,3,2,-0.14557466,0
70,90,800,1500,50,130,80,110,3,0,0,3,3,-0.23538952,0
30,50,700,1400,0,160,97,150,3,0,1,0,0,-1.161913158,0
40,60,700,1800,0,90,90,95,3,0,1,0,1,-0.23538952,0
110,140,700,1200,50,60,98,102,3,0,1,0,2,-0.23538952,0
40,120,500,1300,120,140,105,150,3,0,1,0,3,-0.23538952,0
10,100,3000,3000,60,150,0,110,3,0,1,1,0,-0.542404584,0
90,140,0,300,105,120,101,102,3,0,1,1,1,-0.23538952,0
40,100,1400,1500,60,95,97,150,3,0,1,1,2,-0.23538952,0
40,140,1200,1300,80,200,50,100,3,0,1,1,3,-0.23538952,0
50,70,600,1200,70,140,97,98,3,0,1,2,0,-0.23538952,0
30,50,500,1200,140,140,97,110,3,0,1,2,1,-0.547773566,0
0,70,0,900,150,160,97,97,3,0,1,2,2,-0.23538952,0
100,110,800,1800,110,120,99,101,3,0,1,2,3,-0.23538952,0
40,130,500,800,80,160,100,101,3,0,1,3,0,-0.163999971,0
20,30,600,1500,100,140,80,110,3,0,1,3,1,-0.226077818,0
0,140,1300,1300,70,200,90,101,3,0,1,3,2,-0.309683967,0
0,30,700,1300,95,100,100,102,3,0,1,3,3,-0.23538952,0
20,110,0,0,50,140,97,110,3,0,2,0,0,-0.572160717,0
20,150,1800,3000,95,130,95,120,3,0,2,0,1,-0.23538952,0
110,130,1400,1800,50,95,99,101,3,0,2,0,2,-0.23538952,0
60,60,0,1000,120,160,98,98,3,0,2,0,3,-0.23538952,0
10,110,500,1000,50,140,50,97,3,0,2,1,0,-0.23538952,0
30,140,0,1200,80,120,99,150,3,0,2,1,1,-1.617631515,0
30,140,1200,1500,100,105,0,95,3,0,2,1,2,-0.23538952,0
0,100,1500,1800,50,60,110,120,3,0,2,1,3,-0.23538952,0
30,150,1100,1400,100,120,102,103,3,0,2,2,0,-0.23538952,0
40,70,700,1200,80,105,105,105,3,0,2,2,1,-0.445820879,0
50,150,900,2000,60,90,100,120,3,0,2,2,2,-0.23538952,0
50,140,500,2000,80,160,50,97,3,0,2,2,3,-0.23538952,0
30,110,0,2000,95,120,0,97,3,0,2,3,0,-0.23538952,0
90,150,700,1300,70,150,105,110,3,0,2,3,1,-0.23538952,0
30,110,800,800,70,150,0,102,3,0,2,3,2,-0.367271385,0
70,150,0,500,0,0,50,103,3,0,2,3,3,-0.23538952,0
140,140,1000,3000,60,160,95,99,3,0,3,0,0,-0.23538952,0
20,140,300,1200,70,200,105,110,3,0,3,0,1,-0.23538952,0
10,70,600,900,105,130,97,103,3,0,3,0,2,-0.42358192,0
0,140,700,900,50,140,0,100,3,0,3,0,3,-0.435304926,0
110,130,800,1400,70,90,0,102,3,0,3,1,0,-0.23538952,0
0,30,1100,1100,120,200,0,90,3,0,3,1,1,-0.23538952,0
80,110,900,2000,140,200,0,100,3,0,3,1,2,-0.23538952,0
20,110,1100,1300,0,70,99,100,3,0,3,1,3,-0.23538952,0
50,120,700,1000,90,150,98,102,3,0,3,2,0,-0.23538952,0
70,120,500,600,140,200,97,103,3,0,3,2,1,-0.23538952,0
60,100,1000,2000,50,200,95,150,3,0,3,2,2,-0.23538952,0
10,120,1000,3000,95,120,0,105,3,0,3,2,3,-0.23538952,0
50,70,300,800,120,120,80,99,3,0,3,3,0,-0.23538952,0
80,90,500,3000,70,160,98,150,3,0,3,3,1,-0.23538952,0
30,130,600,700,100,100,0,80,3,0,3,3,2,-0.23538952,0
150,150,0,500,105,130,80,110,3,0,3,3,3,-0.23538952,0
50,120,300,600,100,105,97,100,3,1,0,0,0,-0.23538952,0
30,30,700,700,70,95,0,98,3,1,0,0,1,-0.23538952,0
10,100,0,1400,130,200,0,0,3,1,0,0,2,-0.23538952,0
10,80,300,1500,100,110,80,120,3,1,0,0,3,0.416548835,0
20,20,500,1200,60,130,50,150,3,1,0,1,0,0.729275526,0
80,120,300,700,95,130,80,120,3,1,0,1,1,-0.23538952,0
30,90,500,3000,70,200,80,110,3,1,0,1,2,0.577346541,0
10,120,700,1800,100,200,95,110,3,1,0,1,3,-0.043763812,0
0,70,500,1000,80,160,50,102,3,1,0,2,0,0.752736854,0
10,130,0,1000,95,160,50,110,3,1,0,2,1,0.721339955,0
30,50,1400,2000,90,140,0,120,3,1,0,2,2,-0.23538952,0
0,30,500,1500,100,105,80,103,3,1,0,2,3,-0.23538952,0
70,90,0,900,160,200,99,103,3,1,0,3,0,-0.23538952,0
20,40,300,1400,50,110,80,103,3,1,0,3,1,0.521253675,0
20,150,500,1000,90,160,0,103,3,1,0,3,2,0.677154094,0
10,150,1500,1500,60,60,80,150,3,1,0,3,3,0.640261115,0
0,130,500,1100,90,200,95,110,3,1,1,0,0,-0.053890682,0
60,120,3000,3000,50,100,97,100,3,1,1,0,1,-0.23538952,0
30,30,1800,3000,90,150,0,102,3,1,1,0,2,-0.23538952,0
0,150,500,600,0,160,99,101,3,1,1,0,3,-0.275572516,0
0,20,1800,2000,60,110,105,120,3,1,1,1,0,-0.23538952,0
30,70,800,3000,95,120,97,110,3,1,1,1,1,-0.069208956,0
10,150,700,3000,160,200,105,105,3,1,1,1,2,-0.23538952,0
10,120,600,1100,0,200,98,150,3,1,1,1,3,-0.174099032,0
20,120,300,700,140,140,97,101,3,1,1,2,0,-0.21127675,0
10,100,300,1800,105,160,0,120,3,1,1,2,1,-0.028850695,0
0,130,300,1300,100,100,103,103,3,1,1,2,2,-0.082578192,0
10,150,0,300,100,140,0,50,3,1,1,2,3,-0.23538952,0
40,100,1400,1800,150,160,90,103,3,1,1,3,0,-0.23538952,0
40,60,600,3000,60,110,50,100,3,1,1,3,1,-0.089898224,0
0,70,700,1000,90,200,99,99,3,1,1,3,2,0.001326784,0
70,150,0,700,100,160,90,102,3,1,1,3,3,-0.23538952,0
10,100,1300,1500,140,150,80,150,3,1,2,0,0,-0.23538952,0
0,20,600,1400,0,140,102,102,3,1,2,0,1,-0.23538952,0
60,150,600,900,90,110,80,99,3,1,2,0,2,-0.23538952,0
30,120,700,3000,70,100,0,105,3,1,2,0,3,-0.23538952,0
10,120,2000,3000,60,105,50,98,3,1,2,1,0,-0.23538952,0
90,150,700,1800,50,95,100,110,3,1,2,1,1,-0.23538952,0
70,130,500,2000,80,130,101,105,3,1,2,1,2,-0.23538952,0
10,90,1000,1100,150,200,0,105,3,1,2,1,3,-0.23538952,0
0,120,1200,3000,60,100,99,110,3,1,2,2,0,-0.23538952,0
30,40,500,900,95,100,98,99,3,1,2,2,1,-0.23538952,0
50,150,1000,3000,0,105,103,110,3,1,2,2,2,-0.23538952,0
0,90,0,900,50,100,100,150,3,1,2,2,3,-0.308213688,0
10,100,800,1400,80,140,100,110,3,1,2,3,0,-0.176428168,0
50,140,600,3000,50,70,90,120,3,1,2,3,1,-0.23538952,0
40,130,0,600,50,105,50,99,3,1,2,3,2,-0.23538952,0
130,130,1100,1300,105,130,50,105,3,1,2,3,3,-0.23538952,0
0,40,600,1000,80,90,101,110,3,1,3,0,0,-0.23538952,0
20,140,900,1400,0,50,100,103,3,1,3,0,1,-0.23538952,0
60,60,0,600,70,120,50,105,3,1,3,0,2,-0.304709622,0
80,130,0,700,60,120,103,110,3,1,3,0,3,-0.23538952,0
0,70,0,1500,105,160,95,102,3,1,3,1,0,-0.337246743,0
40,120,1500,2000,100,100,0,50,3,1,3,1,1,-0.23538952,0
110,110,0,3000,60,70,90,90,3,1,3,1,2,-0.23538952,0
50,150,1000,1300,100,150,0,105,3,1,3,1,3,-0.23538952,0
100,120,900,1100,120,130,80,101,3,1,3,2,0,-0.23538952,0
90,100,500,1100,95,130,0,150,3,1,3,2,1,-0.23538952,0
30,140,1100,3000,60,100,103,105,3,1,3,2,2,-0.23538952,0
0,150,0,1400,110,120,98,103,3,1,3,2,3,-0.341687473,0
0,150,2000,3000,100,200,102,120,3,1,3,3,0,-0.23538952,0
70,150,0,1100,105,105,0,150,3,1,3,3,1,-0.23538952,0
70,90,1400,1500,80,130,50,97,3,1,3,3,2,-0.23538952,0
80,90,1100,1200,95,140,50,95,3,1,3,3,3,-0.23538952,0
40,90,300,2000,100,110,0,101,3,2,0,0,0,0.337238417,0
120,150,700,1800,50,110,103,120,3,2,0,0,1,-0.23538952,0
30,80,800,900,50,105,102,103,3,2,0,0,2,-0.23538952,0
70,100,0,1500,95,105,97,103,3,2,0,0,3,-0.23538952,0
10,80,300,1000,0,50,80,80,3,2,0,1,0,-0.23538952,0
60,140,0,1000,90,110,110,120,3,2,0,1,1,-0.23538952,0
40,110,1000,2000,0,130,50,110,3,2,0,1,2,-0.23538952,0
130,130,700,1000,105,150,80,103,3,2,0,1,3,0.869233995,0
30,130,300,1100,70,105,80,103,3,2,0,2,0,0.352728745,0
40,70,600,1300,110,160,99,102,3,2,0,2,1,-0.23538952,0
20,40,800,1800,100,160,80,102,3,2,0,2,2,0.854736922,0
0,20,1000,1200,0,80,99,150,3,2,0,2,3,-0.23538952,0
40,70,0,3000,100,150,0,100,3,2,0,3,0,0.289922019,0
70,130,600,700,60,90,98,103,3,2,0,3,1,-0.23538952,0
0,150,300,1500,120,120,100,102,3,2,0,3,2,-0.112956458,0
10,120,600,1000,0,140,80,100,3,2,0,3,3,0.891999802,0
110,110,1100,1200,80,140,95,120,3,2,1,0,0,-0.23538952,0
30,40,0,1000,60,200,0,97,3,2,1,0,1,-0.23538952,0
100,120,1300,1800,0,140,50,110,3,2,1,0,2,-0.23538952,0
20,30,0,1800,150,150,99,103,3,2,1,0,3,-0.196812327,0
40,60,1100,1200,70,120,98,100,3,2,1,1,0,-0.23538952,0
50,60,300,900,50,90,50,90,3,2,1,1,1,-0.23538952,0
60,130,700,3000,0,0,0,101,3,2,1,1,2,-0.23538952,0
20,90,700,3000,95,110,0,80,3,2,1,1,3,-0.23538952,0
30,90,700,800,70,160,0,120,3,2,1,2,0,0.319886176,0
10,10,0,2000,70,200,90,100,3,2,1,2,1,0.114943462,0
10,120,1800,2000,70,80,80,102,3,2,1,2,2,-0.23538952,0
100,110,700,1200,70,105,95,101,3,2,1,2,3,-0.23538952,0
120,150,1800,2000,90,130,99,120,3,2,1,3,0,-0.23538952,0
100,130,700,800,95,140,0,102,3,2,1,3,1,-0.23538952,0
0,60,1000,1500,50,120,50,101,3,2,1,3,2,-0.23538952,0
20,40,1800,2000,50,140,50,98,3,2,1,3,3,-0.23538952,0
10,50,700,3000,100,100,99,99,3,2,2,0,0,0.059776844,0
130,130,1500,3000,80,100,0,90,3,2,2,0,1,-0.23538952,0
10,90,300,1300,70,95,97,103,3,2,2,0,2,-0.23538952,0
30,90,800,3000,120,140,80,99,3,2,2,0,3,-0.23538952,0
30,130,800,1300,0,200,80,99,3,2,2,1,0,-0.23538952,0
50,60,800,3000,60,110,50,100,3,2,2,1,1,-0.23538952,0
50,60,800,2000,70,150,95,95,3,2,2,1,2,-0.23538952,0
20,60,700,1800,100,105,97,150,3,2,2,1,3,-0.217942576,0
10,60,1300,1500,200,200,0,90,3,2,2,2,0,-0.23538952,0
40,140,1100,1800,70,105,103,103,3,2,2,2,1,-0.23538952,0
80,90,1400,2000,105,200,90,110,3,2,2,2,2,-0.23538952,0
10,100,800,1400,100,150,90,105,3,2,2,2,3,0.007972298,0
120,130,0,1400,95,120,103,120,3,2,2,3,0,-0.23538952,0
0,60,1100,3000,50,140,90,103,3,2,2,3,1,-0.23538952,0
30,50,900,1500,95,160,90,98,3,2,2,3,2,-0.23538952,0
10,80,1300,1800,50,100,102,103,3,2,2,3,3,-0.23538952,0
10,70,1800,3000,100,140,150,150,3,2,3,0,0,-0.23538952,0
30,70,1400,1500,50,80,50,97,3,2,3,0,1,-0.23538952,0
120,120,300,1500,80,160,90,150,3,2,3,0,2,-1.132599492,0
80,140,700,3000,130,150,90,100,3,2,3,0,3,-0.23538952,0
10,50,600,800,100,160,97,105,3,2,3,1,0,-0.43370628,0
60,80,600,700,80,105,0,150,3,2,3,1,1,-0.23538952,0
10,120,300,900,0,60,110,120,3,2,3,1,2,-0.23538952,0
20,130,1500,2000,95,200,98,99,3,2,3,1,3,-0.23538952,0
140,140,500,700,90,110,80,102,3,2,3,2,0,-0.288681923,0
10,70,1200,1400,80,95,80,105,3,2,3,2,1,-0.23538952,0
60,70,1400,1400,50,150,102,120,3,2,3,2,2,-0.23538952,0
20,20,300,1000,100,160,80,100,3,2,3,2,3,-0.313087606,0
90,120,600,1400,70,100,90,98,3,2,3,3,0,-0.23538952,0
40,110,700,1100,100,140,100,110,3,2,3,3,1,-0.180447233,0
10,40,900,1400,95,110,80,100,3,2,3,3,2,-0.250375228,0
0,40,1200,1300,120,160,95,100,3,2,3,3,3,-0.23538952,0
80,100,300,500,50,110,103,110,3,3,0,0,0,-0.23538952,0
10,130,500,700,150,200,50,80,3,3,0,0,1,-0.23538952,0
0,100,800,1400,50,200,105,150,3,3,0,0,2,-0.23538952,0
20,100,800,1400,80,110,50,105,3,3,0,0,3,0.955963725,0
50,100,900,2000,80,120,102,110,3,3,0,1,0,-0.23538952,0
0,50,300,300,0,0,50,101,3,3,0,1,1,1.002463533,0
10,150,600,1100,95,130,50,100,3,3,0,1,2,0.955352361,0
0,70,1200,2000,70,90,90,120,3,3,0,1,3,-0.23538952,0
20,50,1300,3000,140,150,95,97,3,3,0,2,0,-0.23538952,0
10,40,0,900,95,120,98,110,3,3,0,2,1,-0.068408064,0
70,150,600,1300,60,110,50,90,3,3,0,2,2,-0.23538952,0
60,120,800,1500,70,200,110,110,3,3,0,2,3,-0.23538952,0
10,100,1300,1400,50,200,103,150,3,3,0,3,0,-0.23538952,0
20,60,700,1100,50,140,120,120,3,3,0,3,1,1.021274378,0
20,50,1500,1800,60,105,97,105,3,3,0,3,2,-0.23538952,0
60,120,1300,1500,100,120,80,120,3,3,0,3,3,-0.23538952,0
120,150,1300,1400,110,120,80,150,3,3,1,0,0,-0.23538952,0
30,140,700,1100,0,150,50,98,3,3,1,0,1,-0.23538952,0
40,120,0,1000,95,120,100,100,3,3,1,0,2,0.466311345,0
50,70,600,1200,60,150,80,103,3,3,1,0,3,-0.23538952,0
100,120,500,1300,60,110,102,120,3,3,1,1,0,-0.23538952,0
20,30,500,1500,70,200,105,150,3,3,1,1,1,-0.23538952,0
0,70,900,1800,60,90,99,99,3,3,1,1,2,-0.23538952,0
20,140,800,1500,100,100,0,105,3,3,1,1,3,0.904186801,0
10,150,900,1000,120,140,95,120,3,3,1,2,0,-0.23538952,0
70,140,1100,1300,50,200,80,100,3,3,1,2,1,-0.23538952,0
40,50,300,800,120,150,80,97,3,3,1,2,2,-0.23538952,0
100,130,1300,2000,70,160,80,150,3,3,1,2,3,-0.23538952,0
50,60,0,300,95,130,0,150,3,3,1,3,0,-0.23538952,0
90,140,1300,3000,120,160,98,150,3,3,1,3,1,-0.23538952,0
30,70,600,700,90,160,50,103,3,3,1,3,2,0.185532479,0
90,90,1400,2000,110,160,95,98,3,3,1,3,3,-0.23538952,0
50,130,300,1300,105,150,105,120,3,3,2,0,0,-0.23538952,0
20,20,1200,1300,70,120,90,150,3,3,2,0,1,-0.23538952,0
0,40,1400,1400,80,90,90,120,3,3,2,0,2,-0.23538952,0
10,150,600,1100,105,200,50,95,3,3,2,0,3,-0.23538952,0
20,50,500,900,70,110,80,150,3,3,2,1,0,0.806151407,0
40,140,1400,1400,50,110,90,90,3,3,2,1,1,0.329825608,0
0,60,0,1100,50,150,0,97,3,3,2,1,2,-0.23538952,0
0,120,600,800,100,130,0,120,3,3,2,1,3,0.326727733,0
10,110,800,1300,95,95,50,150,3,3,2,2,0,0.83674432,0
70,130,500,1800,60,70,80,150,3,3,2,2,1,-0.23538952,0
10,60,300,900,70,105,80,105,3,3,2,2,2,0.198593767,0
0,140,0,600,0,0,50,103,3,3,2,2,3,-0.082364962,0
20,110,1400,1500,0,90,98,105,3,3,2,3,0,-0.23538952,0
20,50,500,3000,130,130,50,103,3,3,2,3,1,0.775417871,0
0,20,1000,1100,90,130,105,110,3,3,2,3,2,-0.23538952,0
100,100,1000,1200,100,130,100,103,3,3,2,3,3,-0.23538952,0
0,50,600,1200,50,110,99,100,3,3,3,0,0,0.03958429,0
90,100,0,1300,50,110,98,150,3,3,3,0,1,-0.23538952,0
130,130,600,1800,60,120,97,103,3,3,3,0,2,-0.064867977,0
60,90,600,3000,0,150,50,98,3,3,3,0,3,-0.23538952,0
20,40,0,2000,60,160,95,150,3,3,3,1,0,-0.017878355,0
70,70,300,1100,80,90,80,102,3,3,3,1,1,-0.23538952,0
10,120,800,1200,70,200,50,105,3,3,3,1,2,0.02314202,0
30,120,0,1100,0,110,100,103,3,3,3,1,3,-0.274090598,0
20,110,300,1200,90,140,98,101,3,3,3,2,0,-0.142041426,0
30,40,900,1400,50,120,102,120,3,3,3,2,1,-0.23538952,0
10,50,700,900,100,160,0,105,3,3,3,2,2,0.04542225,0
0,110,500,3000,70,140,103,110,3,3,3,2,3,-0.23538952,0
80,110,1000,3000,50,200,50,101,3,3,3,3,0,-0.23538952,0
90,90,0,1800,50,200,0,97,3,3,3,3,1,-0.23538952,0
10,90,800,2000,130,200,80,103,3,3,3,3,2,-0.23538952,0
10,130,600,2000,90,100,95,105,3,3,3,3,3,-0.247818175,0