0.0,843.0993466632522,0.0,770.0980526214348,0.0,962.3294537740408,0.0,765.0707200224938,0.0,770.9009464994851,0.0,764.0878248125455,0.0,772.8834307966936,0.0,902.8881057015944,0.0,764.3518230082445,0.0,908.1480677185486,0.0,765.8843617023258,0.0,909.2818933305452,0.0,771.9386619009151,0.0,764.083369135516,0.0,834.0948215631524,0.0,837.3324631117619,0.0,898.6348091481339,0.0,901.2376436858071,0.0,903.2899621325041,0.0,842.4870368023744
1.0,865.435415962578,1.0,732.3972564829082,1.0,993.1115647596005,1.0,739.1431327878622,1.0,803.7881279604717,1.0,798.4208948244566,1.0,804.3261079085664,1.0,937.2918429013623,1.0,740.3225405026546,1.0,878.9101875378169,1.0,730.9285177311017,1.0,885.5137190486446,1.0,734.5864599046936,1.0,733.9054406683154,1.0,803.1306014277857,1.0,801.0402977408332,1.0,865.6252148700376,1.0,870.2590231870101,1.0,866.7044951178918,1.0,875.4195197027029
2.0,840.4815535318653,2.0,702.8077336095967,2.0,963.0891061477776,2.0,698.6008174932999,2.0,845.1202941815277,2.0,767.1659622775783,2.0,840.0300283775503,2.0,911.7980031454895,2.0,785.7791199502228,2.0,832.7587607340779,2.0,764.7071474252402,2.0,904.1072496262866,2.0,694.3280151121771,2.0,706.358413171904,2.0,835.8144323800523,2.0,767.9754906290204,2.0,901.8742456302728,2.0,839.9480356349602,2.0,904.6277490523848,2.0,916.1821359591745
3.0,869.4077941044441,3.0,660.7411519677994,3.0,934.6803477082676,3.0,676.8605055625517,3.0,874.1617176677391,3.0,730.5374697874322,3.0,878.179008039725,3.0,880.4479814043027,3.0,754.2101429094669,3.0,887.2347897950578,3.0,819.2826197392146,3.0,886.508211724341,3.0,734.0922985371512,3.0,678.6567961788937,3.0,870.1987049890186,3.0,731.2539295631186,3.0,935.1658269964901,3.0,800.8898552876908,3.0,870.3195856174627,3.0,869.7401457044064
4.0,846.082792340663,4.0,623.8275836521389,4.0,903.7735162255001,4.0,693.5936314944879,4.0,902.4904287335942,4.0,766.0274518351907,4.0,843.3668710668112,4.0,898.7711834847778,4.0,776.7501876645003,4.0,938.3377893450186,4.0,768.2094030693502,4.0,899.406524624558,4.0,720.2357837103409,4.0,621.5399277234033,4.0,840.7371422593428,4.0,807.3073534276009,4.0,898.6553463493578,4.0,765.5993948072419,4.0,831.9023719602931,4.0,855.3820486747916
5.0,831.3155538237925,5.0,667.9953871671701,5.0,873.2861629213562,5.0,731.4942774425454,5.0,870.526488255126,5.0,732.1457074468162,5.0,812.3764582536862,5.0,942.1742179471228,5.0,748.7386943254364,5.0,872.3530615832685,5.0,801.9457091971994,5.0,890.1763477616901,5.0,694.1667639798957,5.0,592.0413195812043,5.0,811.0159088377748,5.0,816.5671783109156,5.0,870.5536604633983,5.0,740.8212651386721,5.0,814.5831600286062,5.0,865.243836458948
6.0,780.5391441320417,6.0,625.1002570380283,6.0,834.0311598288295,6.0,781.9463998637798,6.0,834.7062785943058,6.0,696.9420639499867,6.0,784.8650068541801,6.0,983.2974021956229,6.0,723.8858364809557,6.0,876.5421135272568,6.0,782.2702734747277,6.0,927.3236570569543,6.0,661.9781341297798,6.0,653.2464116656301,6.0,846.9052590818662,6.0,777.323872109147,6.0,909.2675542056402,6.0,707.1833996085043,6.0,845.5894943373316,6.0,909.8979393115667
7.0,753.0602167674338,7.0,589.7979381149376,7.0,867.9977138100833,7.0,729.5142378987275,7.0,816.0261824704533,7.0,660.1058831014075,7.0,755.6434029103893,7.0,951.2198858194406,7.0,692.8938051945534,7.0,881.7432444790513,7.0,828.0630842770047,7.0,882.8397242852332,7.0,594.1417074879137,7.0,590.7512068222723,7.0,879.9377684607205,7.0,808.6594013410947,7.0,932.2507696435493,7.0,670.9520209131588,7.0,888.5668362329554,7.0,898.3739205723562
8.0,720.7568305729365,8.0,621.347673074757,8.0,900.2032555017763,8.0,769.2301044009287,8.0,781.0519552576172,8.0,626.819108527266,8.0,784.6488072743705,8.0,922.5543553963907,8.0,733.453076129385,8.0,946.8782047491816,8.0,791.2232292153885,8.0,924.0262175636501,8.0,631.0525350291646,8.0,647.3992648600956,8.0,838.2554188630322,8.0,829.4229715016875,8.0,906.8786558045269,8.0,697.8857012592712,8.0,838.033652650586,8.0,858.7659698995228
9.0,674.7894541021096,9.0,602.3813369052268,9.0,936.6056441560629,9.0,826.4032134294482,9.0,766.1067973942172,9.0,665.1454839493786,9.0,833.846851275564,9.0,958.4001400450986,9.0,744.192891763128,9.0,949.4259443500389,9.0,756.7536768092727,9.0,915.4989036557606,9.0,669.6354316380148,9.0,703.1980520596376,9.0,870.8960234193019,9.0,800.6695067147903,9.0,943.4873254075771,9.0,669.6714544855076,9.0,807.9260225614971,9.0,874.737418916581
10.0,650.0013385215639,10.0,624.7282798714214,10.0,973.4628292570446,10.0,845.4229628037524,10.0,772.0360880416902,10.0,629.954144730586,10.0,850.1918332098871,10.0,928.2114051990004,10.0,775.6872608773942,10.0,969.9719635282606,10.0,707.222329186191,10.0,858.3860907435435,10.0,751.836825229725,10.0,639.2349870871153,10.0,833.5774645231359,10.0,750.221127684184,10.0,908.7835350491566,10.0,634.1089160650631,10.0,849.1605544193258,10.0,898.0277038540503
11.0,690.4604455060471,11.0,657.8158893671962,11.0,936.919039315685,11.0,844.3894408887986,11.0,833.7198866113308,11.0,664.1594503891843,11.0,835.3603980821613,11.0,884.143724192204,11.0,844.4724889920876,11.0,887.2910161931995,11.0,693.2467085807639,11.0,877.6830793192244,11.0,736.1788531440325,11.0,609.3492634468644,11.0,876.3682089581039,11.0,712.7740202462023,11.0,933.3981178785737,11.0,669.0531742857634,11.0,797.9619876652541,11.0,963.3533437668666
12.0,669.5546549381447,12.0,722.8980864138252,12.0,963.2307434071495,12.0,793.135936259911,12.0,805.0392823654015,12.0,707.9630547181064,12.0,803.333689204032,12.0,843.9987561054747,12.0,896.098051962957,12.0,905.8646950456682,12.0,742.8397577582182,12.0,845.4904471252842,12.0,726.6052870747567,12.0,595.0196866401147,12.0,854.9577115330619,12.0,636.9158785869004,12.0,974.4955485712558,12.0,706.8320411610393,12.0,768.6666300138659,12.0,999.2751947037993
13.0,611.7944023157961,13.0,691.380381745676,13.0,942.9473203410907,13.0,828.8345824485277,13.0,739.2393791496597,13.0,740.9990889292912,13.0,808.796216353901,13.0,898.2380705961316,13.0,840.2741333016304,13.0,865.6871100525041,13.0,756.0276182253124,13.0,884.8456253267111,13.0,760.2112020683671,13.0,619.4597086762947,13.0,886.5981841535836,13.0,650.1513699262023,13.0,1006.169589510595,13.0,734.3920675626673,13.0,810.0385721754842,13.0,965.7998900073073
14.0,550.2269958116817,14.0,630.4614599737533,14.0,965.3213297948196,14.0,799.3442818052604,14.0,812.5418754975553,14.0,694.5406966847377,14.0,795.9887455765431,14.0,844.1836355170155,14.0,815.81492150298,14.0,850.5573479750617,14.0,707.9402857903665,14.0,901.4342845932165,14.0,695.8716896870437,14.0,564.4671270437061,14.0,915.7528368421347,14.0,559.2125130760137,14.0,1044.705540956511,14.0,720.5174897782163,14.0,865.3146205816679,14.0,987.7055445488743
15.0,547.481796436366,15.0,615.5983694280712,15.0,931.640386974572,15.0,846.5764613510505,15.0,736.6578616399947,15.0,746.03896545008,15.0,764.3724689999858,15.0,897.1007380467458,15.0,813.0012677549473,15.0,829.5501002404387,15.0,792.672345993572,15.0,836.8796662016584,15.0,799.7084698929984,15.0,574.2403167013949,15.0,867.3810909495835,15.0,622.5736236953321,15.0,1013.0333116841307,15.0,760.1435458168758,15.0,808.199350073322,15.0,990.7583412271117
16.0,555.4047081240569,16.0,665.0370678104978,16.0,978.2439959815908,16.0,837.3410287026134,16.0,744.2714293884933,16.0,773.7664789945998,16.0,711.2670013619099,16.0,885.2612747178275,16.0,899.9013717452551,16.0,831.58451985033,16.0,773.6713910083124,16.0,861.4648988852839,16.0,740.7784166286665,16.0,469.109908968765,16.0,847.6019855818199,16.0,512.5488760652411,16.0,1045.837740497123,16.0,709.571360785631,16.0,767.2749920785827,16.0,930.3789556812096
17.0,569.8435874629217,17.0,590.0623747598229,17.0,941.5652482758744,17.0,845.8792938137806,17.0,768.2036550261068,17.0,740.0408639264269,17.0,778.219713036397,17.0,921.7272347963972,17.0,829.4484734520431,17.0,885.8437743604777,17.0,785.4891360731481,17.0,897.0571378714653,17.0,781.2257857814545,17.0,589.4216076641414,17.0,809.7749145333833,17.0,535.4530297155206,17.0,1004.8218034464903,17.0,683.2454592772119,17.0,731.997165700443,17.0,901.9185533637024
18.0,538.8290743237917,18.0,578.3526068905853,18.0,972.8929260771133,18.0,779.8464229962103,18.0,776.8459072686076,18.0,768.3897729157493,18.0,763.6094155684459,18.0,939.173113553775,18.0,766.9344338106962,18.0,889.6293834330463,18.0,822.5114034520016,18.0,825.7179337761922,18.0,857.4266739813722,18.0,580.4303350100604,18.0,837.0331568846655,18.0,400.32726177117183,18.0,976.2458125620115,18.0,714.7765479265881,18.0,719.6768596423753,18.0,863.731590208735
19.0,525.4843921266811,19.0,536.5645380218302,19.0,933.6123502675648,19.0,728.4853088202817,19.0,858.4764596135344,19.0,738.3347862246928,19.0,878.6528158063663,19.0,987.699388723735,19.0,784.4832079926837,19.0,864.9594841471389,19.0,840.3878619891793,19.0,804.0359900003682,19.0,874.0388799111488,19.0,620.8149201854876,19.0,877.9045712879183,19.0,571.6317109062893,19.0,944.0192025720673,19.0,741.5561508130131,19.0,700.398015448533,19.0,835.2542573642434
20.0,614.3861023715231,20.0,518.8507439419177,20.0,899.2074753009142,20.0,769.0703312911141,20.0,852.6396156121655,20.0,769.0889951372706,20.0,776.5956827488108,20.0,1020.8690174212852,20.0,758.9667607603697,20.0,934.8265947408627,20.0,902.1258246834186,20.0,806.557421691554,20.0,906.1948713290367,20.0,645.0598489077283,20.0,855.8247807172295,20.0,561.688358749022,20.0,963.4427459337137,20.0,701.4407860395058,20.0,672.6001033551042,20.0,835.8052314818326
21.0,697.6216432508204,21.0,489.1321680861647,21.0,890.7719900544946,21.0,897.047473054203,21.0,872.0340316421955,21.0,821.114526708008,21.0,825.2705833046091,21.0,1012.5214668485232,21.0,838.9107242669268,21.0,945.2452305964987,21.0,948.3532777935047,21.0,934.1573796351756,21.0,971.4850002389069,21.0,759.715256652325,21.0,838.9580486031364,21.0,594.0390921635262,21.0,962.7501207079338,21.0,701.7289833987761,21.0,651.3173277376263,21.0,955.0917930126393
22.0,733.173098892129,22.0,466.87833656690873,22.0,923.0903639600376,22.0,873.3951748722689,22.0,911.2779164749713,22.0,846.1146351314924,22.0,805.921857593617,22.0,1048.2653675995705,22.0,819.5956017294952,22.0,989.5830404553237,22.0,922.3228701720677,22.0,932.3823888767738,22.0,1007.976977856539,22.0,800.4280707002099,22.0,805.2074370752221,22.0,646.7185317874655,22.0,931.1068999283623,22.0,681.593692022519,22.0,687.6438564722548,22.0,937.0051374614839
23.0,722.129322911233,23.0,523.2014379415946,23.0,954.8677709652732,23.0,846.4604228896605,23.0,892.8548933912953,23.0,885.3729111380974,23.0,853.8444649683806,23.0,1070.6162096971502,23.0,867.0982151230683,23.0,936.9727914916841,23.0,959.837656855113,23.0,969.6684029404823,23.0,1043.7327573540877,23.0,840.3184316033075,23.0,786.0640044742811,23.0,698.047217364559,23.0,976.5530673946287,23.0,661.1488712996561,23.0,723.3623270878102,23.0,981.814781820467
24.0,693.0390959725532,24.0,501.02329025810695,24.0,957.5150011255469,24.0,879.5205139127472,24.0,874.1516695763369,24.0,923.8317033141166,24.0,900.5292826063894,24.0,1092.6547682488042,24.0,913.3772463355313,24.0,918.3837986471021,24.0,933.9312552936276,24.0,943.8684995375011,24.0,1078.7676038022505,24.0,812.7164161890869,24.0,751.4129441749369,24.0,748.0634653949628,24.0,1007.4355793459365,24.0,712.7987828427076,24.0,687.6438564722548,24.0,921.431210980513
25.0,672.6192085776629,25.0,556.2897398928053,25.0,980.6135525970144,25.0,861.0277014991,25.0,920.4428662360597,25.0,897.6400039123457,25.0,919.6670864546188,25.0,1126.8431654701294,25.0,859.41467394404,25.0,963.3216883729092,25.0,915.5627071550455,25.0,925.5250809424467,25.0,1113.0964550176934,25.0,860.4301653767109,25.0,786.0640044742811,25.0,781.6949290882906,25.0,947.8542956850574,25.0,692.4240622231468,25.0,651.3173277376263,25.0,903.0321204778854
26.0,723.9136882333478,26.0,534.1921232973018,26.0,940.9606790785399,26.0,907.9576569864321,26.0,961.3111895338823,26.0,871.067237669077,26.0,957.1465251506327,26.0,1103.2991714550521,26.0,905.9288001924763,26.0,931.6881977512444,26.0,960.8082600907485,26.0,906.9050467849811,26.0,1146.7339288673825,26.0,868.6356206656642,26.0,766.6261904611715,26.0,753.0395234324765,26.0,930.220462563793,26.0,671.7398443166335,26.0,614.3723895259359,26.0,884.3539542162421
27.0,703.5655547925558,27.0,588.4388406448393,27.0,972.4389606078023,27.0,875.3816694378561,27.0,997.9410867688343,27.0,917.9215481973035,27.0,931.114181856115,27.0,1124.9403972279597,27.0,951.2463483523443,27.0,963.3216883729092,27.0,942.5094132267802,27.0,952.1927966845783,27.0,1123.3184346134578,27.0,841.443089985989,27.0,731.6442279584567,27.0,801.6300857567683,27.0,961.8785211342395,27.0,722.8066527532042,27.0,667.2121034963607,27.0,930.3317701108676
28.0,682.9091519239846,28.0,566.4261031667343,28.0,980.8272550868371,28.0,907.9576569864321,28.0,1033.83358036585,28.0,963.5483708212471,28.0,898.9324024780976,28.0,1101.3759139465833,28.0,953.1836445863162,28.0,980.8845375756891,28.0,986.9306221522406,28.0,996.3190595660055,28.0,1099.5601550701538,28.0,888.5087108654693,28.0,711.572775925109,28.0,634.4426665790161,28.0,1006.5912528557058,28.0,702.2002641029603,28.0,630.5377521066812,28.0,961.9879655399661
29.0,733.6332421071197,29.0,544.0833029258833,29.0,1003.4649150083615,29.0,889.5269779578421,29.0,1008.8272394034316,29.0,896.0414254065299,29.0,880.010676222129,29.0,1135.3655863614622,29.0,976.850621453503,29.0,955.1121311662407,29.0,1030.213425344471,29.0,921.0039207912439,29.0,1122.3147686883035,29.0,869.559130675306,29.0,675.6536043226083,29.0,686.6597137417252,29.0,907.7669418753112,29.0,681.284131661856,29.0,682.8757436279489,29.0,887.3141965746624
30.0,783.0515438296954,30.0,597.7642034528903,30.0,964.1269437545147,30.0,935.5740011127398,30.0,983.454733919401,30.0,942.3515024790197,30.0,860.8049511209765,30.0,1111.91352606272,30.0,1000.1865738893689,30.0,936.5743349074876,30.0,1072.3900931418798,30.0,966.082594335855,30.0,1155.743772743067,30.0,915.7629521039632,30.0,726.8542009577423,30.0,665.9614347223883,30.0,939.8008427305006,30.0,660.0546094861743,30.0,662.1683565241137,30.0,854.3867823414378
31.0,752.7735143690384,31.0,650.0749772440608,31.0,938.7725299542924,31.0,980.4276837169919,31.0,1026.8432434505232,31.0,924.4692074916168,31.0,907.0495899733926,31.0,1145.663436894696,31.0,1036.1191699807562,31.0,917.7598586500983,31.0,1015.5781204062728,31.0,1010.0007476230626,31.0,1132.4270615972066,31.0,960.7806397754837,31.0,776.7258943727934,31.0,717.2058625231771,31.0,956.2481914938835,31.0,638.5079814274554,31.0,641.1468644600118,31.0,889.74167026228
32.0,793.6442833166309,32.0,701.0542542383109,32.0,906.7211234802528,32.0,1013.6601843137869,32.0,1069.1220847582263,32.0,969.8922617464048,32.0,887.9225079945134,32.0,1122.322818228093,32.0,1011.229759648382,32.0,962.4991345773244,32.0,1045.9584693961,32.0,1052.7914769619347,32.0,1165.6277143174464,32.0,999.3578902313359,32.0,810.9532493135025,32.0,767.1269088253594,32.0,915.9585006643406,32.0,689.8366340446441,32.0,619.8076467009919,32.0,856.8555804491423
33.0,833.6888805006838,33.0,679.6344891625454,33.0,889.2692876917329,33.0,988.4334007008208,33.0,1060.8906977074478,33.0,952.0697914847683,33.0,933.34572448985,33.0,1098.6411559973858,33.0,1046.911770290063,33.0,943.7645952501948,33.0,1021.0852828865031,33.0,1035.1851411918396,33.0,1142.4197070505927,33.0,1035.1288932121804,33.0,786.3371827368769,33.0,815.7624712508173,33.0,947.8552856429781,33.0,739.8596141264957,33.0,598.147010297238,33.0,903.6797493132303
34.0,806.0150058680772,34.0,729.7246562116843,34.0,871.5404514652587,34.0,1024.5410760052966,34.0,1095.5371293811068,34.0,996.6374213494321,34.0,914.3002063646682,34.0,1081.7896327947692,34.0,1069.397462084057,34.0,924.7527799629627,34.0,1051.2223843586555,34.0,1077.2112373251314,34.0,1175.3950551638432,34.0,1010.0463138530033,34.0,834.6232618851984,34.0,807.345496710637,34.0,915.9585006643406,34.0,718.8091068401427,34.0,576.1611896664986,34.0,943.1617547243009
35.0,838.9087748032514,35.0,708.4000363778264,35.0,918.8638006104638,35.0,999.4330215242646,35.0,1071.386774228022,35.0,978.8787646215721,35.0,958.9292721220334,35.0,1123.0065743182784,35.0,1044.9615561848113,35.0,956.502360319656,35.0,1033.611454828571,35.0,1088.5274033614442,35.0,1207.708777811744,35.0,1045.5768503976701,35.0,838.5361061064459,35.0,779.2817817477166,35.0,962.3573194789756,35.0,767.9612419466189,35.0,629.127106772673,35.0,980.2029798107417
36.0,878.0257781183,36.0,686.7617673857344,36.0,964.9298033996881,36.0,960.6017077916354,36.0,1046.882736462207,36.0,960.8516306544134,36.0,968.5025831704443,36.0,1133.5086673995063,36.0,1079.9685530794507,36.0,1000.0762715577821,36.0,1003.5134281326539,36.0,1064.212205049249,36.0,1173.6298916551036,36.0,1020.6100773940502,36.0,738.7966943689889,36.0,827.7843672563179,36.0,1004.5552990755132,36.0,747.0045937978771,36.0,607.2311704125359,36.0,954.5175552965504
37.0,916.3533740171677,37.0,664.8059691063877,37.0,899.425094559283,37.0,1004.6874243119194,37.0,1016.6717584188614,37.0,942.5529007122852,37.0,992.2869964053502,37.0,1154.8928884022878,37.0,1055.6478388734447,37.0,947.7809483848696,37.0,1033.9446592484148,37.0,1098.6975048983813,37.0,1138.8041089142969,37.0,967.2167589876078,37.0,710.2240469824401,37.0,875.0360759601278,37.0,1040.7660646208963,37.0,725.7398764541385,37.0,659.2557294946414,37.0,934.324686675109
38.0,953.9079374093321,38.0,642.5286925147789,38.0,881.7107597049514,38.0,989.6306794895881,38.0,1046.882736462207,38.0,923.9793946611587,38.0,1028.128634129312,38.0,1119.4745053650543,38.0,1030.971292606011,38.0,921.5503666199222,38.0,1037.8806762582858,38.0,1074.4948281389684,38.0,1110.157966539236,38.0,1010.8867517831945,38.0,690.645468025757,38.0,839.435954356984,38.0,1016.308481835727,38.0,774.4539372442523,38.0,637.45303450153,38.0,971.662494285102
39.0,927.8402733757698,39.0,619.9259190496,39.0,863.7177860788236,39.0,1025.8031757112676,39.0,1088.7575996136663,39.0,955.7419204664905,39.0,1063.2531785008514,39.0,1118.1511467845796,39.0,1013.3028164184434,39.0,966.3919078728968,39.0,1000.0998892031164,39.0,1049.936984113997,39.0,1081.0241627623545,39.0,1027.9272742073958,39.0,742.159970128394,39.0,886.331452899494,39.0,1052.2478813952507,39.0,753.2883311609712,39.0,688.5675061489324,39.0,945.981192038141
40.0,965.1345645629517,40.0,596.9935599489554,40.0,911.0437940203906,40.0,987.5872874289187,40.0,1117.7619558702484,40.0,923.9793946611587,40.0,1038.48315721329,40.0,1139.5469561677655,40.0,1055.9930196287878,40.0,1010.0869085490965,40.0,969.0924971583026,40.0,1019.7780004603972,40.0,1110.157966539236,40.0,1050.8209414023206,40.0,722.6355958919689,40.0,932.0238130026171,40.0,1027.9105900151967,40.0,801.1863684477303,40.0,666.861040886211,40.0,914.0882968338701
41.0,997.7021058932007,41.0,573.7274555623653,41.0,893.1007439909795,41.0,1031.2784680445982,41.0,1157.8834246445167,41.0,955.7419204664905,41.0,1073.3756819807704,41.0,1103.614004215766,41.0,1012.2903431785185,41.0,970.6656852524638,41.0,937.557246664928,41.0,1049.936984113997,41.0,1081.0241627623543,41.0,1073.393827858652,41.0,773.144155426362,41.0,871.1028146232234,41.0,1003.2197516151109,41.0,847.8910021348195,41.0,717.0952118852915,41.0,895.671819597082
42.0,1033.6000046457275,42.0,550.1233746392827,42.0,925.3801376309227,42.0,1000.8018486694709,42.0,1141.1998786959557,42.0,923.9793946611587,42.0,1048.7187994372496,42.0,1066.8814519850994,42.0,994.3542172701823,42.0,1014.2311667151753,42.0,982.1295560648284,42.0,1032.113768333867,42.0,1110.1579665392358,42.0,1048.9118497905943,42.0,753.6794208366227,42.0,851.8723406804604,42.0,1035.9224901324756,42.0,734.4610105371489,42.0,695.4876278851975,42.0,941.5292407086479
43.0,1008.5911034480978,43.0,526.177013594328,43.0,957.1192168487275,43.0,1044.0859261210041,43.0,1097.462779234587,43.0,955.7419204664905,43.0,1011.4567315193376,43.0,1037.0109247263242,43.0,1037.4115572435908,43.0,1007.3764186915232,43.0,963.8899171826156,43.0,1074.0305932534548,43.0,1034.6447337589545,43.0,1011.410491872771,43.0,803.2185230328728,43.0,829.6792523095064,43.0,1078.4380855176712,43.0,702.8721981436765,43.0,673.5633989467078,43.0,923.1798388500611
44.0,983.2160054117408,44.0,501.8839957494165,44.0,854.6957809397991,44.0,1085.2166800096102,44.0,1126.321422280167,44.0,935.2667201422873,44.0,1041.7550022261416,44.0,1006.6318925873661,44.0,1019.5495554915362,44.0,1043.0556549152466,44.0,999.8529494520371,44.0,1056.2854058013334,44.0,1004.2254204544204,44.0,980.5956473717454,44.0,783.8183198819074,44.0,876.6427037205137,44.0,1054.3769915716366,44.0,752.7422178178872,44.0,723.3635325403834,44.0,904.5535665550804
45.0,964.9794762880588,45.0,555.0637497927387,45.0,887.6180229445429,45.0,1043.0646050310093,45.0,1143.948277763523,45.0,966.8403110248371,45.0,997.8760508984931,45.0,975.7356989679931,45.0,988.8732674188727,45.0,1078.0177174477374,45.0,1036.0848078954573,45.0,1038.278675991535,45.0,973.2882599377106,45.0,962.3516332769386,45.0,764.1223764909159,45.0,922.4069833517142,45.0,980.7842270119766,45.0,731.9743438007399,45.0,701.5433346848886,45.0,885.6471931977708
46.0,946.4705650450903,46.0,606.9366299278827,46.0,919.9891900944533,46.0,1064.5188128518753,46.0,1165.3567036734528,46.0,935.4109216787081,46.0,979.4687106845156,46.0,1006.6318925873657,46.0,1019.5495554915362,46.0,1041.1297732003493,46.0,998.3833704132392,46.0,1007.9212255842826,46.0,1004.2254204544204,46.0,993.4718584813022,46.0,813.0912924276613,46.0,967.0059198122553,46.0,949.448012231526,46.0,780.965504294041,46.0,750.5179007060374,46.0,866.457425026924
47.0,990.5563578943484,47.0,583.2324509456007,47.0,951.8185066548626,47.0,1099.170717240989,47.0,1186.4651747483288,47.0,972.6281236616053,47.0,960.7891782118204,47.0,1037.0109247263238,47.0,988.8732674188727,47.0,1076.1353080119525,47.0,967.346756983279,47.0,1050.1623310614248,47.0,973.2882599377106,47.0,1036.5559754536134,47.0,860.7935275307298,47.0,948.2857822010187,47.0,994.782912033553,47.0,748.1588580575435,47.0,798.2763682759698,47.0,846.9809047629583
48.0,972.1257158344868,48.0,559.187187404536,48.0,956.9705124587747,48.0,1062.5745461717213,48.0,1218.6095941447834,48.0,933.3167013198508,48.0,941.8341272199407,48.0,950.472183549791,48.0,957.674757490006,48.0,1110.4374579434966,48.0,998.3833704132392,48.0,1020.0071836314548,48.0,1004.2254204544204,48.0,1066.4341179624187,48.0,754.3769243011493,48.0,992.1059671932944,48.0,1038.9168730955355,48.0,727.135531845709,48.0,608.6350422029018,48.0,893.419930815892
49.0,944.2784890221401,49.0,534.796395415713,49.0,931.5425624415343,49.0,1025.169804012431,49.0,1239.0324066583853,49.0,976.5376768073013,49.0,985.6393464173407,49.0,918.6199476795446,49.0,925.9451355919455,49.0,1144.0507345912733,49.0,927.0379333426793,49.0,1050.1623310614248,49.0,1034.6447337589545,49.0,1095.8121398219869,49.0,734.6145538143574,49.0,955.309166121534,49.0,1068.75549729556,49.0,705.8021022857165,49.0,586.4177209870086,49.0,938.6772415199598
50.0,975.7012347943673,50.0,510.05555807268274,50.0,905.7466018352734,50.0,994.5891929854374,50.0,1205.5222238857539,50.0,937.325983345379,50.0,966.7709244829007,50.0,955.0621263829476,50.0,957.674757490006,50.0,1120.5205631880349,50.0,894.7867614077791,50.0,1064.5598050032775,50.0,1007.6955954631362,50.0,1018.832834055966,50.0,714.549782191843,50.0,923.5392732652488,50.0,989.3384992825656,50.0,684.1547582034736,50.0,638.8188581648296,50.0,982.7860214367565
51.0,1006.598005298494,51.0,484.9600845949053,51.0,888.2935360275637,51.0,963.4879888731095,51.0,1171.2749446082628,51.0,982.125756857447,51.0,1009.8345155403579,51.0,937.6810022304348,51.0,925.9451355919455,51.0,1153.906724574592,51.0,875.8538614219162,51.0,1087.2440244322113,51.0,968.8827636720719,51.0,1049.0076385470115,51.0,694.1791935981328,51.0,955.309166121534,51.0,958.1479092899981,51.0,662.1896200442206,51.0,616.6980689195211,51.0,989.1679962896624
52.0,897.1214704113754,52.0,537.9179260265669,52.0,870.5633499764172,52.0,931.8573292900537,52.0,1192.2193856697668,52.0,862.787327141559,52.0,1051.8214188946029,52.0,920.0287012602621,52.0,893.6753602696833,52.0,1186.623498023882,52.0,908.4219451002448,52.0,1050.827019309858,52.0,937.3439427528936,52.0,1005.2291340804259,52.0,744.8079221493736,52.0,923.5392732652488,52.0,1003.4421577430621,52.0,712.3266707057455,52.0,668.1903425058072,52.0,1012.6463624901471
53.0,864.3610116042821,53.0,512.9562198634412,53.0,852.5531790889845,53.0,913.4836314221448,53.0,1157.634040762455,53.0,909.9006505034147,53.0,1029.1179059103938,53.0,965.8219444892902,53.0,925.9451355919455,53.0,1218.684656205097,53.0,889.5262725217685,53.0,959.3689391837217,53.0,968.8827636720719,53.0,974.3090604156723,53.0,724.5120697865318,53.0,967.8913130685494,53.0,972.4916632497625,53.0,761.2101219445362,53.0,646.1689336524978,53.0,1035.7954341192094
54.0,897.1214704113754,54.0,487.6378982286492,54.0,834.260089890382,54.0,958.7930052158799,54.0,1134.4234554755828,54.0,891.7129845993538,54.0,991.4860327451936,54.0,934.2310173090366,54.0,957.674757490006,54.0,1184.8823457881208,54.0,870.3476196861402,54.0,927.6681584122907,54.0,949.6187380019007,54.0,1018.1915786026359,54.0,699.220071665773,54.0,969.6190258613926,54.0,941.0142789109116,54.0,808.8743656012475,54.0,696.7818530088812,54.0,1070.8340700317729
55.0,864.3610116042821,55.0,461.9582283683658,55.0,815.6810799869124,55.0,940.4887412697933,55.0,1117.8721901088593,55.0,873.2460580729871,55.0,1022.1185865766499,55.0,965.8219444892902,55.0,922.5921187248769,55.0,1205.8193195066538,55.0,916.3026224136581,55.0,959.3689391837217,55.0,986.9007335127069,55.0,1000.4884502830898,55.0,749.4451208583869,55.0,930.6205605783141,55.0,972.4916632497625,55.0,758.0270346140824,55.0,746.1257180725479,55.0,1033.8863231297605
56.0,831.0428507842275,56.0,515.108236137623,56.0,796.8130779864089,56.0,971.9749224147447,56.0,1153.0682963816564,56.0,919.7967583502934,56.0,991.4860327451936,56.0,1010.4113300580602,56.0,896.0858985862722,56.0,1237.5275534081188,56.0,883.8686964901729,56.0,935.3011181407865,56.0,1023.4214194724857,56.0,1043.5692227308098,56.0,728.9121113809178,56.0,974.9718236018937,56.0,941.0142789109116,56.0,805.7851736363411,56.0,648.9743006381232,56.0,996.1294182304198
57.0,797.1574938370688,57.0,489.56833258172264,57.0,777.6529433771752,57.0,1002.9340664672268,57.0,1180.99617650151,57.0,965.1369303019728,57.0,1022.1185865766499,57.0,963.0202526907071,57.0,941.7042637104189,57.0,1257.7843683531564,57.0,929.4143856431551,57.0,916.482843627899,57.0,998.6833975172256,57.0,1013.3018366472452,57.0,708.0722154989421,57.0,943.5366606015466,57.0,972.4916632497625,57.0,784.7386299373923,57.0,626.8872653310618,57.0,1001.661968414257
58.0,831.0428507842275,58.0,541.9394355620661,58.0,758.1974663669034,58.0,989.0487217409784,58.0,1208.4565807890478,58.0,979.0649903985395,58.0,1052.238391909585,58.0,915.8182042732521,58.0,986.1500272601052,58.0,1219.385601273184,58.0,973.8019902349711,58.0,961.2607108937502,58.0,966.8704238278565,58.0,982.5191897046891,58.0,757.7848057698216,58.0,974.9718236018937,58.0,917.3265526965179,58.0,763.3861185595088,58.0,604.4748953341873,58.0,1031.4203210309513
59.0,797.1574938370688,59.0,516.5397613731584,59.0,807.596028597929,59.0,1005.8233378759883,59.0,1180.3885781619713,59.0,946.9405651859104,59.0,1008.5164234415136,59.0,951.751341481445,59.0,911.419673185512,59.0,1191.4762195221772,59.0,853.3344186704139,59.0,1004.9000591009742,59.0,1011.6553248979803,59.0,951.2125102916107,59.0,806.2321493410914,59.0,939.4202227927697,59.0,963.6817374276636,59.0,810.7675119795779,59.0,656.0881758739233,59.0,1000.2297012165959
60.0,762.6952850243542,60.0,568.1535457661344,60.0,855.7064540126032,60.0,974.1637731808667,60.0,1139.4727591029134,60.0,928.8345212203733,60.0,1025.4894526800133,60.0,934.6087561082602,60.0,956.7924347390774,60.0,1206.7979903369662,60.0,900.0348768317315,60.0,991.7091529608824,60.0,994.6098659007228,60.0,982.5191897046891,60.0,785.871607751468,60.0,983.5066640006885,60.0,952.7332284333613,60.0,856.977910939688,60.0,706.4062808888375,60.0,1030.0109195272
61.0,797.1574938370688,61.0,618.5387556439437,61.0,902.5661081984179,61.0,942.7148542270688,61.0,1110.1380282704863,61.0,973.8957906228152,61.0,994.1931119876183,61.0,917.1953930894604,61.0,928.0872232757558,61.0,1221.8866233416798,61.0,945.5324711264889,61.0,952.8055733450008,61.0,977.300733738776,61.0,964.2806650415698,61.0,765.2101451532671,61.0,1002.8852717927766,61.0,904.9124179837534,61.0,777.487623097016,61.0,755.4649134270076,61.0,1059.304894001637
62.0,777.2477229831691,62.0,667.7269678533048,62.0,883.886777613628,62.0,910.730560432849,62.0,1138.7845043858358,62.0,896.448272256391,62.0,949.0311907961641,62.0,899.5084172623026,62.0,909.4740512838916,62.0,1236.744637521884,62.0,927.3622563371616,62.0,996.9131945227734,62.0,1021.5317599449768,62.0,1008.0396969483331,62.0,813.2041735717114,62.0,1032.647438003971,62.0,887.7145724282341,62.0,704.2908213386008,62.0,673.0762987695475,62.0,1028.5992969578708
63.0,825.5743343383531,63.0,631.7659148954831,63.0,864.925102893478,63.0,892.3062694623761,63.0,1166.951476320866,63.0,942.5117546353445,63.0,930.7011246371028,63.0,881.5449267801857,63.0,954.6834191406438,63.0,1251.3744969215597,63.0,880.2664555273268,63.0,957.5489159912711,63.0,1004.2789206440727,63.0,990.6043083446309,63.0,859.9896263816786,63.0,1060.312879019537,63.0,870.2401406529425,63.0,753.8786889103803,63.0,686.6420319900994,63.0,1057.9158062496333
64.0,805.7440374973223,64.0,523.0635265239712,64.0,831.6165449562561,64.0,859.4638384436639,64.0,1154.4548223455888,64.0,973.9640732080993,64.0,975.4829211839362,64.0,863.3019530375934,64.0,870.8453240776084,64.0,1212.3585968543164,64.0,926.5997329274758,64.0,1001.512328679612,64.0,986.7625585828121,64.0,1020.5391703776017,64.0,809.3778111880367,64.0,1017.2787753119187,64.0,917.8531098141366,64.0,732.8743585084553,64.0,649.4521717001217,64.0,1086.7526874786997
65.0,785.6178225776735,65.0,555.3265626865746,65.0,864.925102893478,65.0,892.3062694623761,65.0,1112.4526569593424,65.0,881.1509177207349,65.0,936.5181577157912,65.0,844.7764605549069,65.0,851.8503711120468,65.0,1227.0262440372671,65.0,971.7299112326209,65.0,1037.5955926770985,65.0,1030.4791908463933,65.0,1037.262040658216,65.0,775.3296321518455,65.0,985.8602185054663,65.0,964.1915039042417,65.0,781.6056097643232,65.0,700.6977334284475,65.0,1056.5245268539984
66.0,765.1921479149487,66.0,365.75049525014674,66.0,831.6165449562561,66.0,924.5989615567639,66.0,1069.279124526989,66.0,862.9072192972983,66.0,917.9279133777102,66.0,825.9653468244262,66.0,898.5963478160375,66.0,1241.4652082380549,66.0,939.0229765098472,66.0,1066.7799907411302,66.0,1012.0446362857983,66.0,993.0268475525413,66.0,739.6640947352466,66.0,1016.5869410379796,66.0,935.8974196881659,66.0,760.6963995811448,66.0,721.5892838495288,66.0,1025.7693675883645
67.0,813.4162181682032,67.0,422.93698160969643,67.0,864.925102893478,67.0,838.1043636228037,67.0,1098.6095247337144,67.0,895.6920126677674,67.0,962.8796801066469,67.0,873.7466834236056,67.0,944.1379235035881,67.0,1201.9109658627817,67.0,951.2708325413632,67.0,1036.2193491529713,67.0,1028.313325319253,67.0,947.4111387473843,67.0,719.3550927860147,67.0,978.4145228708737,67.0,887.4990550093748,67.0,739.4805122777034,67.0,685.0078933302984,67.0,1008.0866310863526
68.0,793.0790518459896,68.0,478.68790138085615,68.0,878.0729062142427,68.0,819.2796446139666,68.0,1069.279124526989,68.0,877.4758549350008,68.0,1006.6812198775256,68.0,920.2818674380801,68.0,984.8026314039644,68.0,1216.379798300826,68.0,981.8331390041365,68.0,1053.135756035187,68.0,983.3013289488049,68.0,914.7081696254111,68.0,698.7395479041352,68.0,946.2912059957632,68.0,870.2852914050675,68.0,717.9541293889574,68.0,735.4200550924634,68.0,988.9752664079642
69.0,772.4417079111172,69.0,533.0428473474572,69.0,668.3144502896962,69.0,800.1653742679462,69.0,1039.4494143645466,69.0,910.0167885838864,69.0,1015.6203717778158,69.0,965.6070538008175,69.0,952.805649958663,69.0,1230.6191253902375,69.0,949.7581169762798,69.0,1069.7962860113194,69.0,965.970311131955,69.0,882.2471003235373,69.0,677.8138860368604,69.0,927.9540280422984,69.0,852.7927207600947,69.0,696.1133653339084,69.0,648.9732093124348,69.0,957.7784928724084
70.0,820.2197035901154,70.0,409.75318264461066,70.0,720.8086127346801,70.0,848.5062453441062,70.0,1009.1118941771708,70.0,938.948579043278,70.0,1032.5794854614542,70.0,762.1515128400197,70.0,996.9132688058885,70.0,1244.6311731299227,70.0,970.438092649533,70.0,1098.4434862081152,70.0,948.3714156231488,70.0,928.9897764303205,70.0,656.5744632036913,70.0,909.3404981029403,70.0,835.0186021555835,70.0,745.2477836839157,70.0,700.4850901279578,70.0,926.0506369273803
71.0,799.6762878061286,71.0,466.162884826289,71.0,701.5208467716902,71.0,829.4571989995193,71.0,1039.4494143645466,71.0,959.9130740177825,71.0,1049.280368560033,71.0,743.4673634208498,71.0,933.0346361248969,71.0,1258.4181086434237,71.0,1000.6823245003511,71.0,1068.42369529052,71.0,993.2785543840614,71.0,966.4335305101781,71.0,635.0175650525762,71.0,954.5539395981532,71.0,816.9601228282827,71.0,723.5126496429375,71.0,750.671506971396,71.0,957.7784928724084
72.0,846.6436621566045,72.0,521.147966412148,72.0,752.9575604433853,72.0,810.118643956765,72.0,1014.0318789151563,72.0,927.4335548646147,72.0,1078.2550822437438,72.0,724.4855296280712,72.0,900.1015559430002,72.0,1218.7750336598435,72.0,1030.432112220164,72.0,1097.0928131309502,72.0,1010.7692641669453,72.0,931.3373165579023,72.0,686.4518048898613,72.0,985.8046878972518,72.0,798.6143982927381,72.0,701.4619055577655,72.0,714.8196096747452,72.0,926.0506369273803
73.0,792.2559242206273,73.0,549.8690775858722,73.0,733.7185964745754,73.0,790.4872578786058,73.0,997.2228320091092,73.0,954.3955506571494,73.0,1035.1227161499828,73.0,775.4591089028872,73.0,867.3918290169704,73.0,1232.5761682393822,73.0,1059.6955437734707,73.0,1125.292835547675,73.0,965.4218365166892,73.0,976.7762750733434,73.0,736.5768660140643,73.0,1011.109368999782,73.0,847.7522851685749,73.0,679.0915288315787,73.0,693.9389012882784,73.0,957.7784928724084
74.0,771.3845902084881,74.0,587.0565831970789,74.0,784.1373410891576,74.0,770.5596516610372,74.0,1027.7593593967672,74.0,921.8174243076994,74.0,1064.3233327931816,74.0,809.7076681594758,74.0,848.6293096400111,74.0,1246.1508178317017,74.0,1088.480574752689,74.0,1153.031442122753,74.0,933.8240980453293,74.0,993.6296778059409,74.0,785.4295255015284,74.0,966.4953894240359,74.0,829.451524660378,74.0,728.2737829927273,74.0,672.7461512916725,74.0,939.2484300046522
75.0,818.9697801490395,75.0,623.6350143551726,75.0,815.7695574273885,75.0,750.3323690623483,75.0,1051.5282534477385,75.0,889.4773803452545,75.0,1020.7370450822593,75.0,843.382951761937,75.0,881.6530963630771,75.0,1205.8654084230504,75.0,1058.2593571475265,75.0,1180.3161866521566,75.0,901.6884512847632,75.0,961.7394902478832,75.0,833.0453989306027,75.0,948.211996648401,75.0,877.6127643172251,75.0,776.2452201820247,75.0,651.2376373135999,75.0,907.2051250782013
76.0,798.1967206453376,76.0,585.3804335971818,76.0,848.516727156544,76.0,785.0015167620959,76.0,1067.0411461675378,76.0,921.8174243076994,76.0,922.2067835169107,76.0,726.2464984361468,76.0,914.1241085068216,76.0,1164.4327588876736,76.0,1074.2357859606286,76.0,1151.721505134313,76.0,947.8218446803394,76.0,916.9778528448655,76.0,640.4476930638025,76.0,979.5689006974605,76.0,859.362612177863,76.0,823.0383823932825,76.0,629.4095668788291,76.0,939.2484300046522
77.0,777.1207592349151,77.0,637.563369925464,77.0,880.7289078036213,77.0,819.0903487125968,77.0,1082.3036831655215,77.0,845.1310145625414,77.0,953.9989804919292,77.0,690.5771268938415,77.0,899.3496551442515,77.0,1121.8154750163685,77.0,1102.7772139391675,77.0,1167.3275384007632,77.0,897.8366630381204,77.0,899.0457257521741,77.0,692.4789418456785,77.0,961.5955381618342,77.0,906.5832152166618,77.0,700.7504709673658,77.0,680.7657189145043,77.0,970.7553723222566
78.0,755.7380729359065,78.0,688.4325312248047,78.0,846.8613547689026,78.0,799.2414199904431,78.0,1038.1137278290184,78.0,826.8261407958314,78.0,907.7646733036465,78.0,671.5366550456106,78.0,916.4840798170496,78.0,1092.8801243802716,78.0,1130.852142919452,78.0,1126.4222179914282,78.0,944.0905449926133,78.0,880.8361521540148,78.0,743.1600620444747,78.0,915.3708384547988,78.0,909.2247842625786,78.0,678.6093870648633,78.0,730.8219663940595,78.0,812.6782896954733
79.0,734.0447729641469,79.0,673.9871423009304,79.0,800.7597050195386,79.0,846.8989961789962,79.0,1006.9665780081868,79.0,808.2344633755552,79.0,875.1854004717661,79.0,724.2049072424666,79.0,947.5876172605952,79.0,1063.4521889671873,79.0,1146.0578275563869,79.0,1096.8780219879611,79.0,838.4997701132863,79.0,862.3460785140628,79.0,779.6333115554639,79.0,947.2774601227718,79.0,780.4436336611273,79.0,728.0310968812687,79.0,709.501093285493,79.0,778.4803012083644
80.0,782.0661849791079,80.0,709.1337897459953,80.0,833.7168750619774,80.0,788.4266043927694,80.0,1033.833349173536,80.0,789.3529195049027,80.0,922.1500870478171,80.0,775.4555673107664,80.0,978.1830069159864,80.0,1033.5232831948713,80.0,1104.0067436546126,80.0,1117.5814150174085,80.0,818.6525053954124,80.0,843.5723853877626,80.0,744.0445341264717,80.0,832.4700499363175,80.0,827.1485442191079,80.0,705.9986636403823,80.0,687.8666834006804,80.0,812.6782896954733
81.0,828.9019772053871,81.0,672.3584358024427,81.0,866.1361671265254,81.0,768.2495794918545,81.0,988.2507064359975,81.0,770.1783767582365,81.0,967.8767957680932,81.0,825.3315179526626,81.0,1008.2785555537544,81.0,1003.0848787280086,81.0,1132.0502704730927,81.0,1087.8795274270715,81.0,867.1549667758504,81.0,876.6808183447579,81.0,793.387266892059,81.0,865.7643213272916,81.0,859.642591272546,81.0,754.6187889089588,81.0,723.5814241877142,81.0,846.303849016354
82.0,695.541274757722,82.0,650.598084104025,82.0,898.0263654178789,82.0,747.7712623336838,82.0,936.6501067019244,82.0,804.5153284973178,82.0,985.4405707069416,82.0,783.0388227053916,82.0,976.6371333930531,82.0,1033.5232831948713,82.0,1147.0301515113013,82.0,1058.3664636889164,82.0,914.3725728592112,82.0,843.5723853877626,82.0,773.4673766527003,82.0,832.4700499363175,82.0,891.6068231450768,82.0,732.6966363962247,82.0,772.3596177469608,82.0,824.2247158856421
83.0,744.9219465801943,83.0,628.5165053705678,83.0,864.4257075200455,83.0,796.5209974320483,83.0,968.2005415203328,83.0,785.370499216312,83.0,953.4040348159137,83.0,816.2622833865787,83.0,944.4432357919134,83.0,1063.4521889671873,83.0,1161.7708248489243,83.0,1087.8795274270715,83.0,773.6104475261855,83.0,809.9003266337402,83.0,738.6018759899289,83.0,813.8879513604534,83.0,907.402056182678,83.0,780.5396169688211,83.0,819.9159108743261,83.0,841.6870715294492
84.0,793.0673161756247,84.0,679.6555217627451,84.0,830.2377173824887,84.0,776.1294138276253,84.0,823.1797964462924,84.0,765.9312094969196,84.0,935.7806254999091,84.0,781.2109731579633,84.0,989.7027674016344,84.0,1058.2073418330003,84.0,1188.8598870283581,84.0,974.6886895903353,84.0,807.8899509329224,84.0,857.9393677177786,84.0,718.0384175935346,84.0,779.7105557090406,84.0,922.9243118202844,84.0,827.2083820336065,84.0,604.4645652670911,84.0,873.9939782165707
85.0,570.4432756854276,85.0,657.674364215171,85.0,878.8785272777689,85.0,755.4359004660396,85.0,789.16058175135,85.0,815.0895290311958,85.0,917.8849394782974,85.0,831.4324527694434,85.0,958.5183785756758,85.0,1012.4130756641155,85.0,1147.5498397808099,85.0,1005.602408764034,85.0,841.5956607213218,85.0,824.5118871918212,85.0,767.689837071448,85.0,813.8879513604534,85.0,953.8422568187789,85.0,673.5478364848677,85.0,582.7632108640037,85.0,905.7733532801064
86.0,548.3822210976928,86.0,635.3710072940166,86.0,861.135708029866,86.0,803.7224471008999,86.0,839.9458210628338,86.0,862.9679510398985,86.0,949.7494784151984,86.0,813.6367562916587,86.0,926.8031181729905,86.0,981.6152987811563,86.0,1105.0808325674761,86.0,1035.9986731026831,86.0,796.4022026086188,86.0,872.0991448886998,86.0,747.2098573372964,86.0,862.291238303367,86.0,921.1696614251503,86.0,651.7913823327362,86.0,560.7350134091407,86.0,872.3256694279862
87.0,602.1947033622178,87.0,677.7657502447437,87.0,843.1117559086545,87.0,783.1213527064915,87.0,889.3260207073081,87.0,909.6035262885141,87.0,981.0806470498433,87.0,862.8107518683862,87.0,972.3840105528384,87.0,950.2932318611281,87.0,1133.0830552970585,87.0,1015.6287599007953,87.0,778.3024989989531,87.0,918.4534779244714,87.0,726.4249257597344,87.0,807.2004836827873,87.0,952.1153821206995,87.0,629.713824035051,87.0,614.1704706355254,87.0,904.1315642836696
88.0,654.6255020054591,88.0,655.5366652865055,88.0,891.0894899499883,88.0,762.2174876586278,88.0,848.0688616556272,88.0,759.7017368293314,88.0,865.2952649910501,88.0,909.8973649070206,88.0,955.8383462454169,88.0,981.6152987811563,88.0,1147.6020773133246,88.0,1031.1617887978573,88.0,759.9107047861644,88.0,815.5185816607068,88.0,775.5832600121817,88.0,855.8140864212007,88.0,982.5567860964188,88.0,607.3112204759268,88.0,592.2303813027038,88.0,935.4181247198153
89.0,705.7138816686761,89.0,632.9833873954044,89.0,873.1117422641696,89.0,810.0746519274028,89.0,813.509772126004,89.0,794.2140536856232,89.0,898.0400856302015,89.0,941.0785861307561,89.0,972.1597162926748,89.0,950.2932318611281,89.0,1104.8950146295097,89.0,1046.439635544943,89.0,741.2239214825445,89.0,823.1123312333382,89.0,754.8879685807151,89.0,890.1240404329694,89.0,1012.5020981463688,89.0,658.8400644228313,89.0,629.5459474918448,89.0,966.1938359103945
90.0,609.9128896342936,90.0,610.1018266381775,90.0,920.1416927613009,90.0,856.7337647891238,90.0,864.0469760017677,90.0,710.6153226406659,90.0,865.2952649910501,90.0,971.7508520301094,90.0,1002.3380903136701,90.0,918.4379495830894,90.0,1119.4211916187655,90.0,1001.0289809681876,90.0,776.0455325663802,90.0,788.214030469896,90.0,733.8870122868002,90.0,849.5159223087953,90.0,1041.9594088352028,90.0,636.5409491732257,90.0,607.6512679596699,90.0,933.7996605263763
91.0,557.2362463485824,91.0,647.1182484330061,91.0,922.7696163170017,91.0,672.2116026468925,91.0,790.9719366191716,91.0,745.9492812481317,91.0,831.9930085573621,91.0,939.4424151541696,91.0,970.5772080849083,91.0,886.0403746847146,91.0,1133.7048559920418,91.0,954.3243960653833,91.0,825.9026322862433,91.0,753.599571423078,91.0,782.5880087806986,91.0,882.5248683066254,91.0,1010.8263618237049,91.0,613.9157348730182,91.0,659.6631387362645,91.0,900.8395298008863
92.0,535.701752606331,92.0,610.1018266381775,92.0,889.6260153019377,92.0,651.47906803037,92.0,842.2668027338675,92.0,715.2573993719507,92.0,798.1238267469998,92.0,970.1406682975078,92.0,966.7651883940548,92.0,918.4379495830894,92.0,1090.275198522922,92.0,985.578986620091,92.0,835.0621625941048,92.0,718.3958485444659,92.0,830.0634565139303,92.0,884.3701229833259,92.0,979.1482570207472,92.0,665.0090145197228,92.0,637.8617439687528,92.0,883.1272800605743
93.0,590.4454900509859,93.0,572.4552508803299,93.0,921.9635713114917,93.0,630.4312469835727,93.0,875.397089420368,93.0,696.526086906671,93.0,847.2773070892022,93.0,1000.3378655803594,93.0,934.3674586583004,93.0,950.2932318611281,93.0,1104.5538657499474,93.0,954.3243960653833,93.0,800.3629878277779,93.0,699.1047265626294,93.0,764.6760039592987,93.0,915.9845296011283,93.0,900.1781880402855,93.0,714.8303819560983,93.0,615.7378066523484,93.0,930.0833664463248
94.0,568.982773802521,94.0,624.2928162040116,94.0,783.0092027452042,94.0,682.5121994566634,94.0,767.8857969063047,94.0,677.4911671282862,94.0,895.1230372737095,94.0,968.5276788812171,94.0,917.2022463701549,94.0,765.1682191579857,94.0,1060.113656416374,94.0,985.578986620091,94.0,781.996068576191,94.0,750.618120975229,94.0,812.6860022303392,94.0,882.7195512908106,94.0,948.368660993538,94.0,763.4145286972584,94.0,667.2588191394029,94.0,884.0632636568503
95.0,547.1930579727382,95.0,672.0318044845872,95.0,748.3061386237055,95.0,733.2484559443214,95.0,802.2611234045819,95.0,729.9678460951482,95.0,775.523669294887,95.0,936.1615165771902,95.0,884.7836353143396,95.0,749.4621613043114,95.0,1089.5974744555729,95.0,952.1853242903653,95.0,831.6631762536717,95.0,731.3753493512022,95.0,846.1669669742275,95.0,802.1485220809402,95.0,918.9888966072274,95.0,709.7732002485395,95.0,645.2341759125279,95.0,915.6546768511419
96.0,601.3085787856953,96.0,708.0116002335135,96.0,729.886555549589,96.0,692.8535447652998,96.0,747.62666378416,96.0,710.9690586435281,96.0,757.1290084998636,96.0,918.9985237595333,96.0,917.2022463701546,96.0,802.776454323938,96.0,1118.5877723164203,96.0,920.3622522985961,96.0,848.4415144620489,96.0,781.8679338897291,96.0,712.1056505872848,96.0,851.4312680043106,96.0,902.8589478317897,96.0,689.421007092893,96.0,622.8860709032406,96.0,882.3554250435468
97.0,654.0248807925091,97.0,672.0318044845872,97.0,764.8979391672883,97.0,623.0035503718057,97.0,731.3053379733637,97.0,691.66787501196,97.0,807.5918142638764,97.0,965.3004008822404,97.0,949.0782126881375,97.0,748.2066517540702,97.0,1113.623238705948,97.0,903.4370380598334,97.0,880.6269449060273,97.0,831.0274414200937,97.0,676.1955504472294,97.0,790.1699960879905,97.0,886.4556277111556,97.0,724.3073416591337,97.0,600.2104888240387,97.0,929.8306357207812
98.0,705.3820977201021,98.0,708.0116002335135,98.0,729.886555549589,98.0,618.8883137208404,98.0,695.7220862564791,98.0,672.0611881049513,98.0,856.7004243725942,98.0,983.0473953934084,98.0,908.6897567824028,98.0,732.2046731808109,98.0,1068.9769783755917,98.0,870.7840931557441,98.0,846.7291215052701,98.0,726.2758126487956,98.0,655.4723204932043,98.0,839.8367257498574,98.0,853.5135975170783,98.0,758.622551819326,98.0,651.7087177661374,98.0,965.5949673117575
99.0,614.7280799339437,99.0,669.0924052498126,99.0,694.2791510020515,99.0,598.3228817903228,99.0,749.9507293453794,99.0,652.1458153344602,99.0,828.8932337639153,99.0,998.8455665042402,99.0,859.3524435008048,99.0,785.8038489210467,99.0,1082.7246384173702,99.0,853.2920072896447,99.0,794.4962319818273,99.0,750.8533704384454,99.0,631.521940798486,99.0,808.2274020732452,99.0,820.0107743054655,99.0,722.7007198103356,99.0,629.1407686013276,99.0,933.1762772800676
100.0,567.1079741217641,100.0,646.3565819532955,100.0,729.886555549589,100.0,651.9348471258845,100.0,802.6353732306336,100.0,631.9184986003615,100.0,845.5195937512042,100.0,952.331789716407,100.0,892.1967391237547,100.0,769.751612775372,100.0,1096.223282846445,100.0,901.4484795017399,100.0,776.1223302869764,100.0,714.6603081150647,100.0,683.5693585622184,100.0,789.8702602574942,100.0,853.5135975170783,100.0,771.9713534600146,100.0,606.2441537467766,100.0,904.7669895833965
101.0,621.4242661184617,101.0,623.2918912135556,101.0,694.2791510020515,101.0,631.4296087487464,101.0,741.9654818868921,101.0,611.3759042231704,101.0,877.7224452559722,101.0,983.6197338700083,101.0,875.2510236756395,101.0,822.0617745968002,101.0,1050.6874362453607,101.0,948.3110020004751,101.0,825.9769763084125,101.0,695.9285028706586,101.0,662.6028647392263,101.0,771.2218484996761,101.0,820.0107743054655,101.0,810.7933565491805,101.0,657.3271662335833,101.0,936.851105678287
102.0,674.3117758900457,102.0,599.8941026988027,102.0,675.2421031198146,102.0,684.0044353980993,102.0,794.92227545179,102.0,590.5146228307126,102.0,843.7430971903582,102.0,906.5177872287852,102.0,907.8291980617473,102.0,821.6881075448639,102.0,986.0057272693068,102.0,865.4780017340886,102.0,874.4990660105227,102.0,676.8930134301559,102.0,713.6978247518614,102.0,820.9725026864212,102.0,853.5135975170783,102.0,775.7867993462098,102.0,634.5430092665647,102.0,923.9462218282665
103.0,683.1478625169143,103.0,650.6989616498845,103.0,643.0121716775075,103.0,663.5647914602573,103.0,837.3527360648714,103.0,569.3311692002899,103.0,850.5944126548345,103.0,856.5227878650237,103.0,890.8940377645454,103.0,786.6199872791692,103.0,954.758401390606,103.0,847.980862632498,103.0,649.4047637698668,103.0,657.5508616555821,103.0,763.4813539923039,103.0,869.40158568127,103.0,820.0107743054655,103.0,823.692138021845,103.0,611.4288235960398,103.0,939.7511089347508
104.0,645.8364121626078,104.0,700.259570019075,104.0,623.3436024208936,104.0,642.8124313437702,104.0,869.607501809322,104.0,547.8219820577874,104.0,882.7020057641682,104.0,905.6256426669693,104.0,938.3462619879754,104.0,838.65305211398,104.0,922.9791325179187,104.0,881.0155035021457,104.0,703.6641701883968,104.0,710.3894412456289,104.0,680.5915524454026,104.0,864.5406449441164,104.0,853.5135975170783,104.0,757.8534040555551,104.0,587.9803781755477,104.0,891.2064813312427
105.0,698.2275543876513,105.0,677.4310396654455,105.0,603.3603709061863,105.0,621.7438214191634,105.0,835.4036176880365,105.0,602.1891547840892,105.0,835.5354492905205,105.0,917.225207842604,105.0,967.8794620534795,105.0,745.2493172177419,105.0,890.6588650491769,105.0,847.9808626324975,105.0,756.4231133355693,105.0,761.8122317324887,105.0,731.3866896887939,105.0,830.369296562573,105.0,886.4556277111556,105.0,806.2986783051372,105.0,564.1933708167107,105.0,923.5175824265916
106.0,604.3483681333541,106.0,654.2746746711655,106.0,657.3702586664945,106.0,674.0921480484599,106.0,795.7345853156128,106.0,580.7535472738232,106.0,818.2890830205538,106.0,867.3118727126464,106.0,920.3056282716882,106.0,729.251820389863,106.0,922.9791325179187,106.0,881.0155035021455,106.0,751.6001422051941,106.0,811.8618069015586,106.0,780.8736407935262,106.0,878.751637175915,106.0,778.3416110771134,106.0,801.7544673017455,106.0,540.0634274066879,106.0,870.2595962106211
107.0,658.0465810837527,107.0,703.512757908527,107.0,709.9385779708796,107.0,725.0867118375709,107.0,779.3654900044558,107.0,618.2612205085752,107.0,800.7570709134645,107.0,900.0229380016222,107.0,952.1296480748915,107.0,712.9540361529466,107.0,890.6588650491769,107.0,823.0212754560616,107.0,715.3715218188636,107.0,694.89140860111,107.0,642.7123507715692,107.0,819.5375619563597,107.0,697.7939195602685,107.0,766.5736944838004,107.0,515.5861011039742,107.0,818.9793783340385
108.0,637.8293148286516,108.0,680.4786981627822,108.0,761.108455667973,108.0,686.830741215681,108.0,831.0521687714902,108.0,596.8641755010663,108.0,850.6123714846428,108.0,932.1864632551105,108.0,853.8068365624733,108.0,766.9040090920839,108.0,857.78838922307,108.0,788.9993621580297,108.0,768.0334251243639,108.0,724.2636403110882,108.0,621.9142606082787,108.0,852.1672110642055,108.0,733.3424915236615,108.0,814.9892067059047,108.0,568.1320244998733,108.0,784.888657264589
109.0,690.4718277088382,109.0,657.1150329528778,109.0,735.5963081360319,109.0,737.4346920263947,109.0,811.1563096780351,109.0,575.1432119472693,109.0,833.1022939594577,109.0,893.9562647912289,109.0,819.3510247291065,109.0,750.5611317171051,109.0,890.6588650491769,109.0,838.9685162900826,109.0,708.1111792729657,109.0,687.5770867781521,109.0,674.5196892953604,109.0,808.5358425175511,109.0,697.7939195602685,109.0,767.5470864529661,109.0,543.7823918429226,109.0,836.0998268534572
110.0,670.3141346279976,110.0,633.4174066507658,110.0,582.444493017806,110.0,690.7237944876451,110.0,861.7724347410999,110.0,628.4002959206455,110.0,815.3081529149733,110.0,861.1419226867074,110.0,852.8648912773785,110.0,733.9222443277195,110.0,873.6220211099903,110.0,872.1540119360136,110.0,686.3958965142165,110.0,669.1225265059852,110.0,725.7553617708736,110.0,842.2307409337734,110.0,681.2131001477983,110.0,815.9330742547804,110.0,528.3162592503801,110.0,885.8818192234742
111.0,721.9394792868825,111.0,682.8185473387662,111.0,623.003550371807,111.0,669.7763666249225,111.0,735.2529168639348,111.0,606.7631247541713,111.0,797.2271673450362,111.0,893.9562647912289,111.0,836.4651463497901,111.0,716.985257180489,111.0,840.4615163128196,111.0,693.3872784062742,111.0,668.2429867706796,111.0,722.4378609065043,111.0,705.4117157735282,111.0,875.3616312471845,111.0,735.9388378400076,111.0,863.0850500750814,111.0,571.297463765376,111.0,857.2609679545631
112.0,701.8466311378825,112.0,731.0306523234876,112.0,643.8872576861804,112.0,648.5143153800841,112.0,718.6284309608036,112.0,659.054823286026,112.0,846.6675424687401,112.0,851.9502203302463,112.0,819.7825297977613,112.0,699.747986566214,112.0,890.6589723033157,112.0,729.0096117232797,112.0,649.7832677834958,112.0,703.9998962064187,112.0,755.6948000220768,112.0,794.06090302504,112.0,719.313663880444,112.0,816.1686001470939,112.0,622.2470313711474,112.0,815.1020316560257
113.0,681.4465441902375,113.0,634.225669865953,113.0,759.2877193422629,113.0,699.7883899715671,113.0,701.7034265097491,113.0,637.5052368240631,113.0,894.782725783909,113.0,817.4280203848336,113.0,869.8304201630367,113.0,682.2081560442571,113.0,922.979237976765,113.0,644.5956648943898,113.0,631.014051394332,113.0,756.1779556293959,113.0,799.8483350269851,113.0,844.4067059407666,113.0,702.3880805735535,113.0,796.0739672296959,113.0,671.9655243712537,113.0,780.9453040614533
114.0,660.7357421851339,114.0,610.4171068916567,114.0,784.7398094446044,114.0,749.7518521317097,114.0,755.4200003663423,114.0,615.6346520458683,114.0,861.760516153975,114.0,801.3431616985965,114.0,918.4926009126441,114.0,735.9753042472294,114.0,759.8009516493485,114.0,700.259260293104,114.0,608.0536583707571,114.0,806.9401732122587,114.0,764.6200121595875,114.0,827.1643261453696,114.0,685.1599497884322,114.0,761.5933128581573,114.0,551.4931901326399,114.0,832.5785858307033
115.0,712.140984663341,115.0,660.4724074481096,115.0,866.3305145873413,115.0,744.8455707494113,115.0,807.6212807060206,115.0,667.4056006831097,115.0,815.8869088101228,115.0,852.5779184220064,115.0,825.2318226879581,115.0,718.4257591204819,115.0,794.3116077805737,115.0,738.1625934980543,115.0,570.3722153489207,115.0,765.4251422350862,115.0,744.3765088572804,115.0,809.6374912392203,115.0,667.6270384501945,115.0,796.0739672296959,115.0,603.2370913029199,115.0,798.7193726726728
116.0,691.506562745788,116.0,709.3185200491653,116.0,784.7398094446044,116.0,568.7354164948601,116.0,802.6571354464288,116.0,717.8629473055325,116.0,780.7974440314404,116.0,819.0591665532927,116.0,791.2475409337405,116.0,700.5765680560835,116.0,828.2446011021086,116.0,701.6401404542976,116.0,550.6430866683559,116.0,798.9122761489566,116.0,723.8291671220472,116.0,859.2041268845696,116.0,649.787019766301,116.0,761.5933128581573,116.0,653.7193035760147,116.0,832.5785858307033
117.0,741.9673973366412,117.0,637.6284881045858,117.0,759.2877193422629,117.0,623.0006271731695,117.0,640.5669248063882,117.0,650.188314804635,117.0,746.0567277423042,117.0,784.9698037691694,117.0,842.2459840622141,117.0,753.4374879198535,117.0,692.900790760636,117.0,684.7307458328823,117.0,606.6427558372548,117.0,746.3447250249969,117.0,773.3045288652606,117.0,895.5473067348382,117.0,704.335789238371,117.0,809.9258156539552,117.0,518.1621436906603,117.0,809.7215538551736
118.0,721.4133044652326,118.0,529.8454936805852,118.0,895.3707871401301,118.0,675.8388296790163,118.0,624.0759042741884,118.0,531.7339842399742,118.0,710.7245982644754,118.0,768.3058411541001,118.0,883.113409460906,118.0,804.8412182746872,118.0,717.4044118110837,118.0,739.0232681023513,118.0,586.9391020746475,118.0,797.9820405803955,118.0,821.5160117776081,118.0,869.6991157946156,118.0,686.4870785021876,118.0,843.5974477554391,118.0,562.3521715249758,118.0,860.3858145531096
119.0,700.5515271014315,119.0,505.8170968763634,119.0,925.3845189163217,119.0,669.5200626578635,119.0,680.7758124273023,119.0,586.6011951296023,119.0,674.7909875971413,119.0,802.6741366663689,119.0,784.2476664504186,119.0,737.3856305122736,119.0,691.2161729141758,119.0,722.0827205896799,119.0,566.9161725204153,119.0,848.1990617528697,119.0,704.7831418095425,119.0,852.2059780384798,119.0,668.334173510264,119.0,765.3478977240629,119.0,448.02003073937146,119.0,807.457887546535
120.0,669.9254758606612,120.0,559.1244817597003,120.0,1021.5982887771771,120.0,603.629343157812,120.0,664.2187822915394,120.0,565.1298007995724,120.0,728.2111959717918,120.0,768.3058411541001,120.0,831.6210877331903,120.0,701.9058874613788,120.0,676.7222998609718,120.0,704.8426723275984,120.0,622.0931191244213,120.0,885.2138527845736,120.0,684.1298296008704,120.0,900.3973533989081,120.0,721.967370163025,120.0,813.8005990027534,120.0,492.268507256073,120.0,773.1710288514696
121.0,705.9405287691857,121.0,535.2152778035716,121.0,988.4639793138184,121.0,573.7778653160094,121.0,700.3293577142877,121.0,543.3309772567209,121.0,692.5752707184088,121.0,820.0733062468539,121.0,815.2294317827389,121.0,754.7228939549755,121.0,733.605029958223,121.0,758.1512807653494,121.0,675.7869656646926,121.0,859.3832398495003,121.0,734.8165132537038,121.0,875.8459186336099,121.0,703.8212679008448,121.0,779.621716296901,121.0,448.02003073937146,121.0,807.457887546535
122.0,684.783621777312,122.0,587.6647607785244,122.0,956.4043412508277,122.0,628.7343932366734,122.0,664.2187822915394,122.0,597.5654903840364,122.0,656.332692567868,122.0,870.3906495602951,122.0,784.9523464225581,122.0,793.3779739656084,122.0,718.9791431817166,122.0,740.8977038043454,122.0,656.1581998947531,122.0,798.8078209671155,122.0,784.198670261947,122.0,847.0755489892572,122.0,756.2877111795046,122.0,827.6419784867278,122.0,494.60141961011976,122.0,858.1981281227156
123.0,663.3122159378477,123.0,563.876391486996,123.0,925.3845189163209,123.0,608.7578405994504,123.0,647.3523073741476,123.0,650.3967442844564,123.0,637.5658024316717,123.0,713.3579600636476,123.0,819.0420014196097,123.0,676.3933248176882,123.0,704.0453187207249,123.0,723.3476606175605,123.0,636.2188213121062,123.0,781.2666888546219,123.0,764.0095541218234,123.0,895.1777053839812,123.0,807.3197424756625,123.0,807.5829703987338,123.0,583.2461807502445,123.0,797.0445991507186
124.0,641.5225138790415,124.0,615.4939389114643,124.0,956.4043412508277,124.0,588.464097995713,124.0,702.9213212409386,124.0,654.565328457682,124.0,691.6223855453709,124.0,696.7575449419046,124.0,869.3938671013943,124.0,624.6869348541259,124.0,688.8024788947446,124.0,705.4986752239747,124.0,599.0168516749459,124.0,831.7576750588767,124.0,806.707883160037,124.0,877.4572053547938,124.0,632.8183529901394,124.0,773.298241068183,124.0,494.60141961011936,124.0,752.1948800234586
125.0,619.4106481202602,125.0,591.8278142157278,125.0,925.3845189163209,125.0,642.6657693123179,125.0,756.9039435736358,125.0,559.0660101259568,125.0,744.2030261346649,125.0,662.3492111210794,125.0,850.2829945269239,125.0,607.201112437218,125.0,744.5663345038893,125.0,758.1970629668172,125.0,652.8838622668395,125.0,880.8704045358252,125.0,842.6936690731586,125.0,909.9984511730236,125.0,687.9353901965551,125.0,752.595532029236,125.0,478.5596185632574,125.0,735.8681557696
126.0,670.8217686441421,126.0,567.821438470994,126.0,734.6611371124425,126.0,695.4270309399449,126.0,782.7914008821674,126.0,590.724815580334,126.0,795.353225377165,126.0,625.5920756384639,126.0,873.7606945674479,126.0,663.4993304252075,126.0,729.2283847407193,126.0,809.4442645119784,126.0,705.3222326130744,126.0,913.3545179071534,126.0,881.8015713143968,126.0,867.8386210974327,126.0,741.5110590847444,126.0,731.5869215596708,126.0,509.56143219027535,126.0,789.0331096729396
127.0,648.8095256539641,127.0,619.0955831051551,127.0,710.833288402042,127.0,746.7907276100013,127.0,824.8217508229934,127.0,560.4811661936997,127.0,789.8321647587259,127.0,681.5848454678967,127.0,848.3217470106047,127.0,718.2020648125695,127.0,713.5878254399422,127.0,859.2855247519769,127.0,756.3743443234926,127.0,896.423579673951,127.0,854.8296266877512,127.0,849.824395399696,127.0,676.0992178074721,127.0,780.3566464162006,127.0,487.0671129731022,127.0,840.6859165614735
128.0,626.4741843111178,128.0,669.1227136716279,128.0,734.6611371124422,128.0,754.5835749340777,128.0,865.955203463988,128.0,539.5314016430611,128.0,762.7101141362095,128.0,664.3727772451834,128.0,814.7305396437055,128.0,605.5851491521657,128.0,768.1502529133436,128.0,661.566341989811,128.0,631.7687163627256,128.0,943.6970130602213,128.0,888.6165654321817,128.0,816.2587685668273,128.0,585.4987625548592,128.0,827.8985741891438,128.0,542.4883614182081,128.0,806.9647196227802
129.0,603.8117286558067,129.0,693.5767797538879,129.0,759.287719342262,129.0,726.4990622389582,129.0,840.445248304896,129.0,518.2534980367814,129.0,744.584016753141,129.0,719.0459198131284,129.0,865.512102881544,129.0,588.120362152104,129.0,821.1273165479943,129.0,644.0482746739549,129.0,685.1530092444214,129.0,899.0931492481418,129.0,861.7182691684177,129.0,849.824395399696,129.0,568.0592846070058,129.0,793.9596902325898,129.0,596.4810562449384,129.0,772.6694654181942
130.0,655.2034474634174,130.0,502.85527639917973,130.0,784.7398094446032,130.0,777.1454304120045,130.0,727.7789427378884,130.0,496.64394843901755,130.0,726.1614703792916,130.0,754.2387613571714,130.0,881.29546867095,130.0,570.3360187540325,130.0,831.6822232486813,130.0,606.979590773909,130.0,737.1099892618945,130.0,881.8897052304646,130.0,841.9972290581184,130.0,831.5269240298383,130.0,550.2969507468811,130.0,773.0944843662105,130.0,603.828005869374,130.0,756.0133067482884
131.0,705.3136277370545,131.0,556.4959824244693,131.0,759.287719342262,131.0,757.9481939604284,131.0,781.5308354800422,131.0,552.607389739384,131.0,707.4396334471344,131.0,737.2888904344,131.0,855.9252993173557,131.0,627.5643623182114,131.0,806.1388618320416,131.0,588.8473151440035,131.0,575.0122513535525,131.0,929.3798964683667,131.0,875.1320280519581,131.0,797.6498077677413,131.0,532.2096526127016,131.0,751.9238554268463,131.0,647.8572155227002,131.0,739.0624749267004
132.0,754.1773032387237,132.0,532.8234798435592,132.0,784.7398094446032,132.0,738.4533417626526,132.0,833.7386823766637,132.0,531.0634639764044,132.0,688.4155866206256,132.0,720.0418297694309,132.0,822.4635320310153,132.0,609.7460977504497,132.0,790.6850159259996,132.0,570.3966596462119,132.0,555.285851777825,132.0,897.1685932531686,132.0,880.319142774106,132.0,846.5643328568376,132.0,513.7951751436985,132.0,730.4439830406659,132.0,617.8343712420287,132.0,721.8147206003714
133.0,676.4051096522071,133.0,508.80698559788743,133.0,811.0450792758868,133.0,788.4671058875006,133.0,871.4997503225788,133.0,585.9515505309105,133.0,656.7646483112658,133.0,702.4952453512465,133.0,872.9840007562768,133.0,665.6393101961248,133.0,774.9394807736767,133.0,532.0741577150839,133.0,611.1346256279912,133.0,864.4089366480187,133.0,853.3311974754961,133.0,828.0072133231231,133.0,572.2837916634016,133.0,708.650980163351,133.0,596.1684132068835,133.0,774.5549012682093
134.0,726.1211849868805,134.0,484.44212285867616,134.0,784.7398094446032,134.0,769.0344323460454,134.0,846.1714002040596,134.0,639.4064957823871,134.0,709.6284171573698,134.0,755.5852722240497,134.0,856.8631963472055,134.0,719.9618314291588,134.0,758.9004872683108,134.0,589.62037950999,134.0,591.434787887315,134.0,897.1685932531682,134.0,833.5839892744593,134.0,809.162538452611,134.0,553.8411574781085,134.0,686.540892424578,134.0,574.1770583308503,134.0,825.8254396441971
135.0,704.3115417256154,135.0,538.1297824241351,135.0,811.0450792758868,135.0,749.3043617793423,135.0,830.3601687861217,135.0,691.469943083388,135.0,761.0754999792093,135.0,807.2011323917347,135.0,906.2282853321601,135.0,756.6279100701486,135.0,811.5819620884217,135.0,645.5614785968146,135.0,571.4162512226171,135.0,944.1682062975112,135.0,813.5437875844739,135.0,842.8469468064802,135.0,535.0751768050609,135.0,664.1096974502516,135.0,627.2032879568415,135.0,875.6728776611235
136.0,682.1843816615665,136.0,590.4944661415079,136.0,838.2321282810677,136.0,798.7306093818183,136.0,880.9001239873423,136.0,605.8099196486896,136.0,742.1178271302629,136.0,711.05237567927,136.0,913.7981490990369,136.0,729.4498860228141,136.0,777.3653101229736,136.0,627.0993858658926,136.0,626.4486055673187,136.0,960.486569670984,136.0,860.5417011957684,136.0,824.0318643034595,136.0,528.3162592503754,136.0,713.7290809517544,136.0,605.3015930007109,136.0,702.9048966373489
137.0,731.5012163333604,137.0,641.5717746732334,137.0,866.3305145873392,137.0,811.0450792758792,137.0,930.0111107632583,137.0,584.658171702526,137.0,722.8615592755623,137.0,693.5083707267327,137.0,888.7272950336869,137.0,781.9350867596588,137.0,829.4155293298306,137.0,681.7968649801842,137.0,680.0030264123166,137.0,920.4671285272311,137.0,906.351561246058,137.0,871.8733377945234,137.0,511.1809580064006,137.0,691.4097106111021,137.0,583.0739587655453,137.0,685.9942565115507
138.0,709.4829305922622,138.0,618.2536229131351,138.0,784.7398094446019,138.0,838.2321282810602,138.0,914.4288173006685,138.0,563.1824279797779,138.0,773.6227517658951,138.0,675.6611057137475,138.0,937.3002558560167,138.0,644.5229813776632,138.0,879.9875582529125,138.0,734.9863253291069,138.0,660.3799443945813,138.0,952.2884450294298,138.0,808.4428506011809,138.0,876.9193127749134,138.0,528.3162592503749,138.0,740.2335171414784,138.0,560.2372481766483,138.0,740.2438238740815
139.0,758.0013974788058,139.0,668.5277176660961,139.0,759.2877193422603,139.0,793.63542292741,139.0,962.4114102670403,139.0,541.3790375350886,139.0,823.0414798595875,139.0,729.3475760777069,139.0,921.441064761864,139.0,699.8700988178375,139.0,834.257429175017,139.0,786.7148571811242,139.0,640.4467633241725,139.0,845.0055729920464,139.0,855.8214803716987,139.0,693.4777273419036,139.0,535.2304457957257,139.0,718.0274487828319,139.0,537.3449732841932,139.0,792.9577531995828
140.0,796.273412597111,140.0,645.3304953814632,140.0,838.232128281066,140.0,773.7161956853092,140.0,938.5869198380101,140.0,519.2442737408846,140.0,756.4799681778272,140.0,711.4991029599469,140.0,905.3111532562366,140.0,753.6487738932683,140.0,808.5978720858056,140.0,699.9237035237584,140.0,693.2782387068028,140.0,893.9509710214556,140.0,836.0819905367662,140.0,674.4399295468102,140.0,515.4856938009862,140.0,766.0796740863921,140.0,514.1147353391239,140.0,776.2894139926382
141.0,640.4978712636448,141.0,694.8251645617147,141.0,866.3305145873377,141.0,822.1505340692779,141.0,977.3188600217961,141.0,496.7743339352628,141.0,737.246813177861,141.0,763.9996002615194,141.0,888.9082162662105,141.0,736.6992282949923,141.0,792.8281104012956,141.0,681.7722121267834,141.0,744.7096865631529,141.0,913.8253713737056,141.0,816.049767621869,141.0,655.0951577931332,141.0,572.6328214995779,141.0,812.9567622037418,141.0,490.5423889834824,141.0,741.4719546565898
142.0,618.6364496830652,142.0,671.7499326702587,142.0,777.3126054902427,142.0,869.3428192615888,142.0,953.2034324039078,142.0,473.965339033226,142.0,787.5544497733961,142.0,815.0562095525677,142.0,936.9411986547245,142.0,719.4524040001756,142.0,776.7678663049792,142.0,663.3157998418947,142.0,791.3608587783233,142.0,888.3904121772755,142.0,862.9724545836618,142.0,635.4403594184023,142.0,552.9050030105395,142.0,827.7006165208645,142.0,544.8000198903887,142.0,724.2232995489549
143.0,670.316909471514,143.0,648.344256488962,143.0,716.2003650583351,143.0,862.5787890304284,143.0,987.6215677779774,143.0,450.81333310219725,143.0,836.535460456651,143.0,683.0347907327819,143.0,968.4867609782518,143.0,772.2715679878115,143.0,760.4152076439873,143.0,716.8213461908895,143.0,763.6523409980177,143.0,929.5555926258362,143.0,895.7561560015849,143.0,688.7073528983251,143.0,532.8534740724713,143.0,866.3305145873334,143.0,597.6963929086423,143.0,776.8829952075555
144.0,720.686759289883,144.0,624.6037779374988,144.0,695.5765219121736,144.0,901.4351076992814,144.0,1009.5052410280266,144.0,410.4550885606577,144.0,727.8445024353477,144.0,736.7742863326816,144.0,936.9411986547245,144.0,755.0156189856029,144.0,812.7440017498275,144.0,768.862722603139,144.0,744.168598272498,144.0,897.3472803974635,144.0,810.2455116693793,144.0,740.5511957752924,144.0,512.4751587138094,144.0,784.7398094445971,144.0,574.6798764137525,144.0,828.0760645549178
145.0,635.6204682284074,145.0,674.2552605925898,145.0,745.9128988776752,145.0,926.0815960363238,145.0,969.6063034761735,145.0,467.3903267947858,145.0,692.2023347259415,145.0,719.2246469926799,145.0,920.547886618042,145.0,806.6503703638009,145.0,796.3628201784909,145.0,750.7407793873313,145.0,794.0040064896482,145.0,944.8447575617188,145.0,857.5695588287299,145.0,791.0145198359116,145.0,491.76689552322705,145.0,811.0450792758803,145.0,551.3273860399149,145.0,782.1760137025558
146.0,605.4680051343908,146.0,722.7100077785076,146.0,725.3698831424899,146.0,886.132442766713,146.0,928.7831706785653,146.0,522.868704952552,146.0,743.9350160803483,146.0,701.375476164761,146.0,903.8834829873247,146.0,856.8567215868495,146.0,779.6927808505764,146.0,801.6790259599989,146.0,842.5362520428532,146.0,912.8967224592391,146.0,890.4436975866561,146.0,737.6130113627482,146.0,548.7655779206516,146.0,784.7398094445966,146.0,527.6346919477655,146.0,833.1931149662387
147.0,583.7692674001405,147.0,769.9992916723268,147.0,704.5196043964156,147.0,884.6754856511568,147.0,976.8241072332753,147.0,499.85842914642853,147.0,724.6815887918788,147.0,754.21000290958,147.0,886.9454647180305,147.0,728.9720269983486,147.0,831.0780139040187,147.0,835.8528726488039,147.0,756.2785591158167,147.0,959.8887982106553,147.0,898.4705182860444,147.0,788.1695168367635,147.0,604.2328398148688,147.0,759.2877193422554,147.0,580.5463718972123,147.0,843.1848228356846
148.0,561.7437955020123,148.0,575.4307051502178,148.0,683.3584045760417,148.0,843.68147247708,148.0,1023.5067659124784,148.0,476.5062981625574,148.0,775.3853172167981,148.0,736.3667156694373,148.0,919.3278896044878,148.0,781.768082229198,148.0,864.3955861398836,148.0,875.9848851869378,148.0,797.8199182337494,148.0,943.2536626309832,148.0,871.7798830192073,148.0,837.3833989631987,148.0,583.9329271983479,148.0,752.2331187211789,148.0,542.3966549379525,148.0,817.077395122735
149.0,615.1485037876646,149.0,626.9456425736848,149.0,733.5768200949014,149.0,890.9130249900377,149.0,1008.6938855036926,149.0,531.4431213542889,149.0,824.7485913250975,149.0,788.0500078996342,149.0,902.401804514737,149.0,833.0837657714055,149.0,785.2106756138248,149.0,915.282031648532,149.0,770.4108943399078,149.0,989.2647143716542,149.0,917.6914682652296,149.0,798.5582783348996,149.0,638.2785231371563,149.0,693.5114204259039,149.0,580.5463718972123,149.0,800.109598678037
150.0,667.1852151327107,150.0,603.5636185503181,150.0,782.5197429859013,150.0,872.2051081758186,150.0,1039.0384026042505,150.0,508.1931409388699,150.0,676.2368143617455,150.0,838.3194208905602,150.0,885.2015092680399,150.0,816.4016797535821,150.0,768.5465730641872,150.0,889.6285695593297,150.0,751.4669713323606,150.0,1034.0373920362458,150.0,885.2811855431926,150.0,771.2760700740637,150.0,618.0285451839172,150.0,742.7224990844675,150.0,632.146906449284,150.0,850.532154635438
151.0,645.6598734111135,151.0,654.2622468175991,151.0,724.3010986576746,151.0,853.2135665229332,151.0,1034.0394169724834,151.0,562.1799739766543,151.0,656.8939574117417,151.0,793.9922482201625,151.0,867.7243097225476,151.0,799.4338997683092,151.0,751.5897068984054,151.0,928.6034240165745,151.0,732.2255766387789,151.0,948.2114914637775,151.0,865.8614475469101,151.0,752.6030399751662,151.0,597.4616474174532,151.0,790.7098787504676,151.0,609.0227811268664,151.0,828.4319669060403
152.0,696.7724098805538,152.0,631.000507951147,152.0,703.2008509282618,152.0,899.9177308712588,152.0,1010.6834296294865,152.0,539.0350721327609,152.0,709.7535830652218,152.0,835.3640452403824,152.0,915.4178177307167,152.0,849.8788103691813,152.0,734.3377922354634,152.0,903.082226378157,152.0,712.6835504640367,152.0,994.3078130011622,152.0,846.1535162392979,152.0,733.6334523309192,152.0,576.5744361333545,152.0,707.7782588928667,152.0,659.79197876235,152.0,877.9207919310772
153.0,675.338889521397,153.0,680.9071774023719,153.0,681.788026159305,153.0,945.4189062196899,153.0,1052.2897768340217,153.0,515.5506020310249,153.0,761.1966702351183,153.0,809.0560853231539,153.0,897.9773007639203,153.0,816.3141098767587,153.0,786.659999194876,153.0,930.846464842429,153.0,763.5043020922908,153.0,1038.3459256547108,153.0,826.153898548348,153.0,714.3642433322202,153.0,555.3634408394637,153.0,756.7962765082366,153.0,636.7845664969764,153.0,809.0623581389787
154.0,653.5883213732591,154.0,729.5977799406173,154.0,731.8136268169328,154.0,848.075650515696,154.0,1025.6357836657899,154.0,491.7223385472016,154.0,742.2391716803018,154.0,791.8016862810646,154.0,930.1750672833489,154.0,866.2016520435122,154.0,837.52820389361,154.0,968.959514341396,154.0,812.9877916434623,154.0,1068.1941067609152,154.0,872.7736884131214,154.0,765.3940293105134,154.0,533.8251140884049,154.0,804.5907373307587,154.0,686.7476152587601,154.0,791.8079603140213
155.0,704.2191538321322,155.0,726.0579025187844,155.0,780.5765760937431,155.0,829.0255975914677,155.0,1055.6967157641795,155.0,467.5459822143848,155.0,792.6489911252277,155.0,774.2580280205912,155.0,976.1211663377921,155.0,896.8545182233088,155.0,820.5617233093969,155.0,1006.2823123671644,155.0,861.1732775947196,155.0,1043.813010024551,155.0,852.8636154000667,155.0,815.0719425080033,155.0,511.9558312666745,155.0,815.0009739747084,155.0,735.4869698486054,155.0,774.264304137374
156.0,682.5663011654447,156.0,602.7971809391544,156.0,718.0771650155439,156.0,876.4735953225418,156.0,1100.235111498875,156.0,521.9771351272279,156.0,773.7404473246552,156.0,824.9783213712644,156.0,795.6788938088762,156.0,871.25625446304,156.0,867.7664799523598,156.0,981.7564691670054,156.0,902.6761484299293,156.0,1065.832224089917,156.0,898.6859344930251,156.0,796.2028171949985,156.0,489.7518903416717,156.0,786.7926440906899,156.0,648.4747395095824,156.0,756.4287964993982
157.0,732.3324834250166,157.0,583.2461807502392,157.0,696.7132533874687,157.0,857.4928505479709,157.0,1035.1997865727735,157.0,497.9175300634288,157.0,754.5370765439766,157.0,807.4501518957927,157.0,845.9715424949482,157.0,854.2996180492917,157.0,864.2978434408858,157.0,942.289023031824,157.0,940.917250989002,157.0,1101.2863082941228,157.0,878.867716060822,157.0,844.9128009072142,157.0,545.3663703948655,157.0,765.6731712762926,157.0,625.4190091428309,157.0,807.4562261552542
158.0,710.7798264896815,158.0,616.9518722178964,158.0,687.7782672518348,158.0,838.2256736896213,158.0,1004.7899222833885,158.0,551.4562302737204,158.0,804.3014793557256,158.0,789.6345747131643,158.0,894.8853353047182,158.0,820.8101757623976,158.0,904.224129998596,158.0,925.1338114465627,158.0,978.3768366943939,158.0,1078.1275254927039,158.0,858.7596222612285,158.0,826.1019686660406,158.0,523.2414025324756,158.0,813.2058675432795,158.0,602.0303889935494,158.0,789.6406534260866
159.0,688.9120674995429,159.0,667.7210505648586,159.0,665.471007931175,159.0,885.1581292051301,159.0,973.8623716383895,159.0,603.6702181151254,159.0,852.7581454242031,159.0,839.5831697791396,159.0,942.4630129113773,159.0,803.2795692069494,159.0,943.3099134298998,159.0,907.7066675306216,159.0,953.0428106271779,159.0,1040.620347299211,159.0,838.3580207671166,159.0,807.0023609512357,159.0,500.7816967391118,159.0,859.5569262142565,159.0,578.3045781713531,159.0,839.5890517653875
160.0,738.2587536051424,160.0,644.9795512614078,160.0,703.4457451816124,160.0,865.9669673803119,160.0,1020.6451746056757,160.0,654.5953349719125,160.0,833.9637450683517,160.0,821.7952767010383,160.0,892.4971681760121,160.0,785.4610038761273,160.0,918.3948079676409,160.0,890.0047685818001,160.0,976.8535459012278,160.0,1084.210822821795,160.0,884.182134534356,160.0,855.1311834819903,160.0,555.782568381243,160.0,838.9421315520922,160.0,554.237204276094,160.0,888.1865820183036
161.0,786.3773761162461,161.0,694.9303204683952,161.0,759.2877193422581,161.0,832.6761457612824,161.0,1050.7896429092527,161.0,613.9092733028901,161.0,814.8814588204259,161.0,803.721361210627,161.0,859.6579869468558,161.0,835.5447353666134,161.0,893.1228619432063,161.0,936.7433450845995,161.0,1013.5832289181003,161.0,1113.2912861175087,161.0,863.8795001436154,161.0,902.0086057011542,161.0,533.4098774699924,161.0,884.5391406470819,161.0,529.8238225858704,161.0,871.8841047293738
162.0,833.3014172188825,162.0,672.3035233950018,162.0,784.7398094445995,162.0,865.9669673803119,162.0,980.4037165063344,162.0,664.5362668919902,162.0,862.7663175073578,162.0,785.3585587578195,162.0,842.4239804838605,162.0,884.2727177018269,162.0,941.0172479350545,162.0,982.2451070795532,162.0,988.7189152583951,162.0,1058.6061672123212,162.0,843.2821973080054,162.0,847.0751739492762,162.0,587.4151079937965,162.0,929.0107667466384,162.0,581.960247559452,162.0,845.8043288422275
163.0,755.1087991055119,163.0,649.3503972036674,163.0,811.045079275883,163.0,832.6761457612824,163.0,955.1161942584692,163.0,641.5493321049084,163.0,843.7513773580572,163.0,834.9184220605325,163.0,891.1898378191527,163.0,931.6862738078185,163.0,910.5954104299217,163.0,911.8567161327328,163.0,963.4934299446943,163.0,1028.5947645463125,163.0,822.3864660992824,163.0,886.6062769259108,163.0,640.0393829707859,163.0,963.6859438320969,163.0,632.8287600219255,163.0,894.460442551604
164.0,726.2408444431994,164.0,698.9499625918629,164.0,734.6611371124388,164.0,812.8665940294343,164.0,940.0756753355508,164.0,691.3744506739777,164.0,824.4485038645687,164.0,816.5980297440085,164.0,873.9792387063187,164.0,796.9414594770369,164.0,949.6460428792054,164.0,958.1445222947516,164.0,994.5945429806691,164.0,1072.5725220834927,164.0,788.35374604002,164.0,860.2145833683876,164.0,691.3217332947384,164.0,937.3354336301104,164.0,609.0135207915887,164.0,941.7973235466786
165.0,775.1704412210086,165.0,747.3372640591283,165.0,665.471007931175,165.0,778.6718111661146,165.0,971.5687706587562,165.0,654.4276485520522,165.0,871.80236807151,165.0,797.9896106236283,165.0,856.4903061377463,165.0,847.1926446383627,165.0,924.9102578428292,165.0,926.4228975001124,165.0,1024.6055128313424,165.0,1101.8477951643038,165.0,753.7416654597296,165.0,841.6830967105798,165.0,586.3186929191493,165.0,875.0009212814164,165.0,623.0035503718004,165.0,909.7974100473009
166.0,754.2387056155926,166.0,724.9437606868323,166.0,714.3879559062702,166.0,758.2248382443945,166.0,940.0756753355508,166.0,703.8805959406691,166.0,917.9376692792405,166.0,779.0901141584709,166.0,904.5440433791339,166.0,896.0664952991319,166.0,939.7581191466788,166.0,894.1612554210228,166.0,1047.5423470206356,166.0,1143.92348782662,166.0,801.1884829271116,166.0,807.9788754003325,166.0,639.2338801251012,166.0,854.4491858700374,166.0,643.8872576861736,166.0,949.8956092160015
167.0,802.3330146670371,167.0,702.229032609519,167.0,762.7634317056154,167.0,792.7618764326405,167.0,987.7338205768765,167.0,726.1956760440594,167.0,805.2799309767902,167.0,759.8964194621817,167.0,887.0894703760696,167.0,920.2176256046182,167.0,914.9293936189736,167.0,926.4228975001124,167.0,1023.1330388021377,167.0,1172.0044399652693,167.0,835.0063664401307,167.0,841.6830967105798,167.0,690.7903951224548,167.0,899.5938458290013,167.0,623.0035503718004,167.0,924.6983609449967
168.0,781.4982026738271,168.0,750.3086049339317,168.0,780.5709612431219,168.0,772.3584481911248,168.0,949.0552038995272,168.0,523.6913126240697,168.0,785.8843907527621,168.0,794.4054775882919,168.0,869.3576291544789,168.0,958.8050499556362,168.0,898.7994998891593,168.0,894.1612554210228,168.0,998.3690898572438,168.0,1146.4815275601823,168.0,880.5111628935481,168.0,822.8656337828047,168.0,588.5041699656476,168.0,879.1457547143327,168.0,643.8872576861736,168.0,971.0613848431208
169.0,828.7839442384393,169.0,727.7145194441291,169.0,710.8332884020384,169.0,820.3668469420486,169.0,917.1788458883816,169.0,577.215559264378,169.0,766.1933405748755,169.0,828.3368996532081,169.0,851.3456567680873,169.0,996.5854623613125,169.0,946.7695117349208,169.0,861.3504030016593,169.0,1041.7280138253354,169.0,1180.4264221499523,169.0,805.9516414479897,169.0,870.7433932732833,169.0,609.5186464335648,169.0,846.0792839283565,169.0,637.3100827768953,169.0,888.4008570639996
170.0,872.7539627588474,170.0,775.0670500013673,170.0,643.8872576861762,170.0,867.160036607157,170.0,965.3395683551441,170.0,629.3956365205522,170.0,815.0984582305018,170.0,861.700354521782,170.0,899.0625886137234,170.0,972.1832196779044,170.0,907.3910441806122,170.0,843.0718335247379,170.0,988.6705429138278,170.0,1200.5988874189786,170.0,784.6850950486144,170.0,917.3716877476882,170.0,653.7730561488511,170.0,891.2629422469315,170.0,613.0743930714548,170.0,871.1878562723718
171.0,845.2869587083719,171.0,821.2772313094422,171.0,710.8332884020384,171.0,899.8736434320276,171.0,933.7404293808308,171.0,598.427038562339,171.0,862.7390609717945,171.0,799.3470592948577,171.0,881.0983291491193,171.0,947.430515519681,171.0,955.0770673802883,171.0,809.3912535597262,171.0,1032.3283014578594,171.0,1165.515578623345,171.0,831.4445631435965,171.0,884.4767452410406,171.0,697.1186314518936,171.0,870.5734143681523,171.0,759.287719342255,171.0,853.6961642996912
172.0,824.6152887968863,172.0,821.3035797562563,172.0,784.7398094445995,172.0,758.6917053953762,172.0,918.1564399286581,172.0,649.9780422617077,172.0,909.1514194691695,172.0,710.3493522462318,172.0,862.8545340930671,172.0,993.5521524532305,172.0,986.2002682240527,172.0,843.0718335247379,172.0,945.5324175136043,172.0,1129.638012735975,172.0,810.2851009995702,172.0,865.7534754705919,172.0,668.0863291218493,172.0,837.3610112100134,172.0,895.3707871401206,172.0,901.839649914888
173.0,803.6433463071546,173.0,792.6879807170392,173.0,759.2877193422581,173.0,807.5852843797065,173.0,885.7540727133662,173.0,627.4034889644727,173.0,809.1712351792742,173.0,762.321330886145,173.0,900.2585336202769,173.0,932.0922183171278,173.0,961.8114998203989,173.0,876.1886450589034,173.0,976.9341741787923,173.0,1150.3312952172828,173.0,788.8203876173834,173.0,846.745869449071,173.0,712.1327763602135,173.0,803.5832123043472,173.0,925.3845189163117,173.0,884.3817303976839
174.0,850.0618174651634,174.0,838.5976629785303,174.0,784.7398094445995,174.0,787.7040203318131,174.0,918.1564399286581,174.0,678.0992959290738,174.0,789.7845809553403,174.0,743.9138661619836,174.0,946.4366435991465,174.0,915.4350315634315,174.0,945.6898384730166,174.0,907.13454844081,174.0,945.5324175136041,174.0,1170.736784460234,174.0,767.046471035701,174.0,827.450658318875,174.0,683.2557666871917,174.0,849.5863340365422,174.0,895.3707871401203,174.0,866.6462093381167
175.0,829.194321653014,175.0,757.3785912730004,175.0,759.2877193422581,175.0,767.5249202305245,175.0,902.3011383045312,175.0,727.5359757217761,175.0,838.204506175136,175.0,794.8013802865012,175.0,909.0809099267819,175.0,962.3447915634713,175.0,913.7561897174473,175.0,945.4811902631282,175.0,913.5960888814659,175.0,1134.8659806827247,175.0,813.895683023746,175.0,807.8645077304288,175.0,662.8145107922146,175.0,828.2978195445212,175.0,811.0450792758791,175.0,848.6302275208759
176.0,808.0252414116003,176.0,735.0316470989023,176.0,687.7782672518348,176.0,747.0444510564894,176.0,886.1723464401059,176.0,640.5241561427679,176.0,885.3697500306132,176.0,776.4278352103101,176.0,868.1550182103192,176.0,913.2825850126362,176.0,881.2789142594238,176.0,983.039115514476,176.0,945.5324175136041,176.0,1155.3892896369819,176.0,792.235005531287,176.0,787.9840174724623,176.0,714.412755676472,176.0,873.5905287175635,176.0,895.3707871401201,176.0,896.4331123732616
177.0,854.1063230730283,177.0,712.3644504562881,177.0,759.2877193422581,177.0,795.8161597186493,177.0,934.5608667543747,177.0,603.6151067254518,177.0,925.3123752123979,177.0,826.2727207339153,177.0,834.9014451646246,177.0,896.3515901645037,177.0,913.7561897174473,177.0,1019.8250821723889,177.0,913.5960888814659,177.0,1189.3224682424136,177.0,838.359865182098,177.0,767.805721072601,177.0,694.041842965285,177.0,840.4294878054761,177.0,866.3305145873312,177.0,878.4643493012964
178.0,899.0576503291345,178.0,689.3727857994581,178.0,643.8872576861762,178.0,843.3474111641799,178.0,981.6096018298924,178.0,655.4993990208036,178.0,970.2590626414028,178.0,835.8347806825022,178.0,883.1397390272523,178.0,879.1456056373509,178.0,881.2789142594238,178.0,1054.063648779834,178.0,945.5324175136041,178.0,1207.3462197941344,178.0,883.3643822729205,178.0,816.1838651464491,178.0,744.6748031439688,178.0,818.8928364911494,178.0,838.2321282810594,178.0,860.2157416309319
179.0,847.516648629663,179.0,737.608206870631,179.0,652.0504715384786,179.0,889.673016544936,179.0,796.9834567459145,179.0,633.4343902906448,179.0,978.2381094521238,179.0,806.9038006502735,179.0,930.0954310560292,179.0,861.661947376959,179.0,864.3270451367646,179.0,1028.1056772056556,179.0,976.9341741787919,179.0,1225.11736750924,179.0,753.129664664853,179.0,863.3282585061775,179.0,793.9981793864447,179.0,866.3305145873313,179.0,988.4639793138074,179.0,893.0455867832345
