0.0,1236.3481893064945,0.0,809.9921642105419,0.0,1383.0723689067954,0.0,1240.2081755126128,0.0,1384.9241639028705,0.0,1007.0483050729463,0.0,1248.2136733549369,0.0,1792.4973394936196,0.0,1080.9528470582836,0.0,1499.6764026897781,0.0,1241.0965340693347,0.0,1638.965981072206,0.0,911.1451342604787,0.0,887.1947409473551,0.0,1418.384959512875,0.0,1227.5289637902015,0.0,1589.4395827279232,0.0,1035.1394426555144,0.0,1414.7759255257624,0.0,1591.1686769917023
1.0,1160.9757618264357,1.0,713.160820046226,1.0,1476.2398201951937,1.0,1096.391087134426,1.0,1333.686203565704,1.0,906.0097043731312,1.0,1168.061227996347,1.0,1704.5113622855633,1.0,995.94426576982,1.0,1513.942675178395,1.0,1366.7024307444772,1.0,1516.9502286967036,1.0,725.0754205584863,1.0,715.7755573523527,1.0,1508.9904036267071,1.0,1313.4797315638461,1.0,1652.4806438241994,1.0,935.7597642938781,1.0,1532.6592236011356,1.0,1559.559245692768
2.0,1072.370242367875,2.0,799.6991364339628,2.0,1564.576960266374,2.0,1205.328427665424,2.0,1237.7547878560135,2.0,814.7068318357569,2.0,1247.6206557697087,2.0,1625.8841806521368,2.0,1107.1949949783047,2.0,1692.6024898151218,2.0,1265.6537519818594,2.0,1629.9213769731723,2.0,826.3187709690683,2.0,871.1565003451014,2.0,1394.6591624336243,2.0,1370.4324890492817,2.0,1582.8870317820283,2.0,1009.6366242499589,2.0,1394.050876034983,2.0,1450.9179093658295
3.0,946.2855264863401,3.0,747.6760433003656,3.0,1664.4257048167165,3.0,1362.1495421464724,3.0,1196.7614545904662,3.0,919.8329131324144,3.0,1382.566825772572,3.0,1724.2062064012343,3.0,1136.6534219490077,3.0,1699.5907290486157,3.0,1171.106617571285,3.0,1606.5316594418427,3.0,932.1484686874264,3.0,1024.2079635943392,3.0,1484.1896439978855,3.0,1291.5641107208703,3.0,1683.3015879321065,3.0,932.2472763819287,3.0,1311.4681341624191,3.0,1494.7262744747286
4.0,878.2937734178267,4.0,808.9718615749143,4.0,1765.5219184455236,4.0,1414.3191432878211,4.0,1213.025008964515,4.0,823.3059771279577,4.0,1427.399760812621,4.0,1641.4010008809882,4.0,1223.0398743966616,4.0,1755.9467621632484,4.0,1035.2462232707867,4.0,1449.8759322262085,4.0,1157.6200999138655,4.0,848.7625609381521,4.0,1381.827920167123,4.0,1153.1883750337356,4.0,1588.11195817086,4.0,834.702171635442,4.0,1424.5710482933164,4.0,1558.6096018385288
5.0,989.2697611859512,5.0,899.7284407571451,5.0,1665.285321847171,5.0,1411.4842780636318,5.0,1382.2185721882724,5.0,917.1283045418922,5.0,1386.718359615369,5.0,1520.5269927063773,5.0,1411.712072149604,5.0,1529.1597546390412,5.0,996.9122506016747,5.0,1502.805977591709,5.0,1114.6715761285577,5.0,766.7884901210664,5.0,1499.1993968244096,5.0,1050.4740531733232,5.0,1655.627725240126,5.0,930.5513848757118,5.0,1284.1376096604645,5.0,1737.7924349813848
6.0,931.9269048733731,6.0,1078.2435302310514,6.0,1737.4561523237971,6.0,1270.900149379072,6.0,1303.550044304072,6.0,1037.277972206839,6.0,1298.871743176809,6.0,1410.4126619809558,6.0,1553.3167261271392,6.0,1580.1058211928867,6.0,1132.9418871680964,6.0,1414.504247206295,6.0,1088.412075358834,6.0,727.4836448352289,6.0,1440.472171301065,6.0,842.401437924449,6.0,1768.3545822021852,6.0,1034.1756954629955,6.0,1203.7828639753925,6.0,1836.3231042745638
7.0,773.4953040236578,7.0,991.7930702870572,7.0,1681.8203986494045,7.0,1368.81858648857,7.0,1123.0663461044433,7.0,1127.8930846445392,7.0,1313.8550038404564,7.0,1559.1866204317712,7.0,1400.1963293545614,7.0,1469.9020249878886,7.0,1169.1150988617028,7.0,1522.4522495279716,7.0,1180.5903236997556,7.0,794.5206060706805,7.0,1527.2593735954533,7.0,878.7052971653084,7.0,1855.2338596217096,7.0,1109.7705709012816,7.0,1317.2626832168835,7.0,1744.50310918775
8.0,604.6209946194431,8.0,824.6975009260959,8.0,1743.1904580630535,8.0,1287.9291282827644,8.0,1324.1290374089476,8.0,1000.4615530628926,8.0,1278.7251696383873,8.0,1410.9197709322634,8.0,1333.106732186092,8.0,1428.4023376150362,8.0,1037.2155189191953,8.0,1567.9535713578216,8.0,1004.1123569029287,8.0,643.6804980837123,8.0,1607.2281771923654,8.0,629.2675261012,8.0,1960.934790636702,8.0,1071.7137503420518,8.0,1468.8803171440877,8.0,1804.5885097723449
9.0,597.0911395385356,9.0,783.9292715327292,9.0,1650.8064145923909,9.0,1417.4830945021804,9.0,1115.9854568577857,9.0,1141.7170495515848,9.0,1192.0043350935393,9.0,1556.0670112140651,9.0,1325.389112416452,9.0,1370.7811926764289,9.0,1269.6285595798627,9.0,1390.8855865467613,9.0,1288.9280661185812,9.0,670.4875498637539,9.0,1474.5484746335978,9.0,803.0618176994058,9.0,1874.0604824699658,9.0,1180.404748191605,9.0,1312.2178489453136,9.0,1812.9620788417915
10.0,618.8230317149582,10.0,919.5355366206959,10.0,1778.636263755816,10.0,1392.1510657695799,10.0,1136.8688441666854,10.0,1217.7713283852036,10.0,1046.340424882077,10.0,1523.5923414672743,10.0,1563.7489180635657,10.0,1376.361437584681,10.0,1217.5105098948898,10.0,1458.3208485910018,10.0,1127.2877987556458,10.0,382.12352722062406,10.0,1420.2960227394124,10.0,501.27302508292905,10.0,1964.0403204354243,10.0,1041.6894228734463,10.0,1199.9657160946217,10.0,1647.3464127728694
11.0,658.4276848159225,11.0,713.8861479156585,11.0,1678.029489159906,11.0,1415.570821546723,11.0,1202.5129618344918,11.0,1125.2647526292576,11.0,1229.986181440182,11.0,1623.615457182218,11.0,1370.5024387921612,11.0,1525.190089861535,11.0,1249.925608237645,11.0,1555.9474195354724,11.0,1238.2315906211988,11.0,712.1285767117324,11.0,1316.539492087727,11.0,564.0972262277419,11.0,1851.536993800586,11.0,969.4796500550892,11.0,1103.2015529575583,11.0,1569.2818805854704
12.0,573.357437662854,12.0,681.7672220994646,12.0,1763.9587211077933,12.0,1234.4481124628246,12.0,1226.2179457215716,12.0,1203.0234678289098,12.0,1189.911342573525,12.0,1671.4680612529273,12.0,1199.0315929023873,12.0,1535.5737027844152,12.0,1351.4746289157229,12.0,1360.2698766746998,12.0,1447.244331313609,12.0,687.4662586713985,12.0,1391.3065988090066,12.0,255.7815285116876,12.0,1773.1554117237947,12.0,1055.9668211538192,12.0,1069.4079713314477,12.0,1464.5381956194924
13.0,536.7540769202651,13.0,567.146001680263,13.0,1656.2153469834666,13.0,1093.5688196813244,13.0,1450.1238065704083,13.0,1120.5851224478083,13.0,1505.4658846572966,13.0,1804.571624852576,13.0,1247.1664306216871,13.0,1467.9062072451852,13.0,1400.5082777483594,13.0,1300.7980962377824,13.0,1492.810239695411,13.0,798.2378392741994,13.0,1503.4135117623955,13.0,663.3323596881382,13.0,1684.7604830511527,13.0,1129.4210593677008,13.0,1016.5276945062587,13.0,1386.4272243953592
14.0,780.6041231528898,14.0,518.5585280147316,14.0,1561.8456174457579,14.0,1204.8901832254942,14.0,1434.113825708775,14.0,1204.941376613514,14.0,1225.531600537065,14.0,1895.5531759289343,14.0,1177.176924006394,14.0,1659.5459192540784,14.0,1569.850408690907,14.0,1307.714175048579,14.0,1581.0114674593378,14.0,864.7396756679273,14.0,1442.8504704368615,14.0,636.0585662304075,14.0,1738.0376577387306,14.0,1019.3879280846495,14.0,940.2803182692378,14.0,1387.938500878984
15.0,1008.9123349489828,15.0,437.0429297609462,15.0,1538.70777834605,15.0,1555.92090974022,15.0,1487.3111065321982,15.0,1347.6431114154857,15.0,1359.0428312907898,15.0,1872.6565343739949,15.0,1396.4566110158394,15.0,1688.123376628978,15.0,1696.648493306664,15.0,1657.7103175090497,15.0,1760.096896854995,15.0,1179.2299863980588,15.0,1396.5864177601734,15.0,724.793955201666,15.0,1736.1378439684086,15.0,1020.1784296305559,15.0,881.9034231117939,15.0,1715.1316838234688
16.0,1106.4270405479483,16.0,376.00250849257554,16.0,1627.354407857738,16.0,1491.0446099560204,16.0,1594.9538403386114,16.0,1416.2163433375472,16.0,1305.9708752375982,16.0,1970.6991010093525,16.0,1343.476825691464,16.0,1809.7383259269327,16.0,1625.249235806894,16.0,1652.8416645066873,16.0,1860.191376530045,16.0,1290.9018716800738,16.0,1304.0112787803382,16.0,869.2893057683523,16.0,1649.343103700795,16.0,964.9489889427996,16.0,981.544090169984,16.0,1665.521481947755
17.0,1076.1348754579012,17.0,530.4921222059293,17.0,1714.5172098560179,17.0,1417.1648105895674,17.0,1544.421010111536,17.0,1523.8985509447866,17.0,1437.4186279494434,17.0,2032.005614279149,17.0,1473.7725696123798,17.0,1665.432759624985,17.0,1728.1491962449254,17.0,1755.1141205508402,17.0,1958.2665255856473,17.0,1400.3178359361818,17.0,1251.502424766909,17.0,1010.0796495824661,17.0,1773.998186344581,17.0,908.870534830302,17.0,1079.5169040447,17.0,1788.4306342971558
18.0,996.3427863700972,18.0,469.6592954461503,18.0,1721.7783434741823,18.0,1507.845908874764,18.0,1493.1196124284543,18.0,1629.3878404572715,18.0,1565.4712256782996,18.0,2092.4555595830207,18.0,1600.7121287016262,18.0,1614.444688056,18.0,1657.0900771223478,18.0,1684.3471170782695,18.0,2054.364214849541,18.0,1324.6077881054434,18.0,1156.457429201204,18.0,1147.270085638269,18.0,1858.7063651452572,18.0,1050.541974929677,18.0,981.544090169984,18.0,1622.8034883124346
19.0,940.3327223162623,19.0,621.2506007362099,19.0,1785.135761781563,19.0,1457.121652281502,19.0,1620.0925403344381,19.0,1557.5461729298086,19.0,1617.9646404880832,19.0,2186.2315085504715,19.0,1452.6972509646712,19.0,1737.7056068510956,19.0,1606.7066671690009,19.0,1634.0326353866412,19.0,2148.525417518691,19.0,1455.482660065617,19.0,1251.502424766909,19.0,1239.518411951707,19.0,1695.2798266085883,19.0,994.6557996089387,19.0,881.9034231117939,19.0,1572.3363031778908
20.0,1081.029242114012,20.0,560.638664097376,20.0,1676.3712058005103,20.0,1585.846642878013,20.0,1732.1909746410174,20.0,1484.6592705394714,20.0,1720.7676443181035,20.0,2121.65227814798,20.0,1580.2816563142787,20.0,1650.9375556027253,20.0,1730.8114807300217,20.0,1582.9594200610181,20.0,2240.790229194474,20.0,1477.9895459968366,20.0,1198.1861068613944,20.0,1160.91900171831,20.0,1646.9116792463365,20.0,937.9206988004407,20.0,780.5665099503858,20.0,1521.1036362933228
21.0,1025.215993228032,21.0,709.4329279729991,21.0,1762.7135313316394,21.0,1496.4934004272618,21.0,1832.663756431597,21.0,1613.176773262865,21.0,1649.363077426995,21.0,2181.0123724669793,21.0,1704.5839468270096,21.0,1737.7056068510956,21.0,1680.6192556142914,21.0,1707.1799764077286,21.0,2176.563463020304,21.0,1403.4026809617444,21.0,1102.2334738906475,21.0,1294.1988996709515,21.0,1733.7471183484367,21.0,1077.9927352541254,21.0,925.5014798077791,21.0,1647.2169866518452
22.0,968.5571867705576,22.0,649.0538077405627,22.0,1785.7219300552642,22.0,1585.846642878013,22.0,1931.1139009668568,22.0,1738.327378078613,22.0,1561.091115419009,22.0,2116.376941699831,22.0,1709.8977903393488,22.0,1785.879051189565,22.0,1802.4629616616812,22.0,1828.2146698244778,22.0,2111.3964651179385,22.0,1532.49979052038,22.0,1047.17913924615,22.0,835.6176217210868,22.0,1856.3904473399516,22.0,1021.4711136653996,22.0,824.906763943537,22.0,1734.0473153111589
23.0,1107.689175370103,23.0,587.7693526193634,23.0,1847.8151609195438,23.0,1535.2928130265655,23.0,1862.5235737054263,23.0,1553.1614041612875,23.0,1509.190383592686,23.0,2209.607804941643,23.0,1774.8143525444593,23.0,1715.1874696984796,23.0,1921.184114836744,23.0,1621.6314666255503,23.0,2173.8104903094645,23.0,1480.5226576538253,23.0,948.6558191459553,23.0,978.8446679690132,23.0,1585.3235270848963,23.0,964.0998904490625,23.0,968.4655505746923,23.0,1529.2233365102547
24.0,1243.239494105249,24.0,735.0116277034813,24.0,1739.914355833459,24.0,1661.5959931821817,24.0,1792.9288874133563,24.0,1680.1861194796102,24.0,1456.5106663977194,24.0,2145.280741127587,24.0,1838.8229420833586,24.0,1664.3398261346128,24.0,2036.871230011594,24.0,1745.278543804212,24.0,2265.5034865613297,24.0,1607.2559225198484,24.0,1089.0948255748535,24.0,922.0709986897564,24.0,1673.1898705223384,24.0,905.8690650827193,24.0,911.6668985721553,24.0,1438.9061596980282
25.0,1160.1893608346973,25.0,878.4957583496807,25.0,1670.3692935353574,25.0,1784.625938799959,25.0,1911.939984342649,25.0,1631.1364617462068,25.0,1583.3558900848193,25.0,2237.8539581563546,25.0,1937.3830844474523,25.0,1612.7332721935072,25.0,1881.04068254529,25.0,1865.7424097978183,25.0,2201.5476742912197,25.0,1730.7357204872114,25.0,1225.888760263697,25.0,1062.6302303847588,25.0,1718.3035893170545,25.0,846.7684444781726,25.0,854.0066826146394,25.0,1535.8816962799792
26.0,1272.2945033565375,26.0,1018.3277032888373,26.0,1582.454933631705,26.0,1875.779942301533,26.0,2027.9073530147643,26.0,1755.728146760498,26.0,1530.891884476834,26.0,2173.8325695320627,26.0,1869.1134882435445,26.0,1735.4494097483657,26.0,1964.3714698308204,26.0,1983.113845047761,26.0,2292.614321698642,26.0,1836.5499312743768,26.0,1319.7715670367725,26.0,1199.559535965519,26.0,1607.7922960649394,26.0,987.5586978859928,26.0,795.474971326139,26.0,1445.6778689378707
27.0,1382.1335249884614,27.0,959.5750573652404,27.0,1534.5859899167372,27.0,1806.5849590623984,27.0,2005.329338403315,27.0,1706.8425833072151,27.0,1655.484014503546,27.0,2108.875726588105,27.0,1966.986295422209,27.0,1684.0621162026546,27.0,1896.146374232394,27.0,1934.8211206479637,27.0,2228.9566751876428,27.0,1934.6668370869093,27.0,1252.2517301714988,27.0,1332.9628654777962,27.0,1695.2825419813744,27.0,1124.7675994027195,27.0,736.0616352504148,27.0,1574.112695566806
28.0,1306.226373258627,28.0,1096.968247182318,28.0,1485.957256885954,28.0,1905.6253292431284,28.0,2100.361638031178,28.0,1829.0879098936884,28.0,1603.243731807529,28.0,2062.6533906990535,28.0,2028.6626902681237,28.0,1631.91427760664,28.0,1978.8099536738027,28.0,2050.095230188219,28.0,2319.405330672531,28.0,1865.8673942019104,28.0,1384.6964559285443,28.0,1309.8757997159664,28.0,1607.7922960649394,28.0,1067.0277970877778,28.0,675.7563457064598,28.0,1682.408574446199
29.0,1396.4512637980406,29.0,1038.4765767964718,29.0,1615.7612937842268,29.0,1836.7560102036086,29.0,2034.1192091240719,29.0,1780.3773816913454,29.0,1725.6575719719121,29.0,2175.708055996207,29.0,1961.6370192562117,29.0,1719.0007534069782,29.0,1930.5046289698867,29.0,2081.1345386956846,29.0,2408.0392021687885,29.0,1963.3247204471008,29.0,1395.4290643522118,29.0,1232.8993481682937,29.0,1735.0604226502146,29.0,1201.8480427853792,29.0,821.0374803384375,29.0,1784.0095945499233
30.0,1503.745972084147,30.0,979.1245926829624,30.0,1742.1165335087217,30.0,1730.2449248386956,30.0,1966.9066580311455,30.0,1730.930442602922,30.0,1751.9163732404704,30.0,2204.5144296457556,30.0,2057.65831949569,30.0,1838.5203919008827,30.0,1847.9482284113728,30.0,2014.4399586223135,30.0,2314.5636330040743,30.0,1894.8429248275907,30.0,1121.8520983252292,30.0,1365.9379329840503,30.0,1850.8059943293165,30.0,1144.3656883303584,30.0,760.9787359225984,30.0,1713.5565972111735
31.0,1608.8754010477096,31.0,918.901651968461,31.0,1562.4425290919817,31.0,1851.1684029367252,31.0,1884.0404412585594,31.0,1680.7385381941394,31.0,1817.155053699761,31.0,2263.1695811137715,31.0,1990.948609781315,31.0,1695.0786410240516,31.0,1931.4185811645075,31.0,2109.0302869680463,31.0,2219.0393882168282,31.0,1748.3894637404373,31.0,1043.479687187024,31.0,1495.5454660704363,31.0,1950.1291325236434,31.0,1086.0383255258257,31.0,903.6778032685988,31.0,1658.16922689685
32.0,1711.8844657125455,32.0,857.7969228036372,32.0,1513.8535721268972,32.0,1809.8689958620307,32.0,1966.9066580311455,32.0,1629.792945620099,32.0,1915.465704776896,32.0,2166.0198826734622,32.0,1923.2628821209255,32.0,1623.1303223868163,32.0,1942.2147506328574,32.0,2042.6443442175414,32.0,2140.4653863972144,32.0,1868.1726460082964,32.0,989.777262671144,32.0,1397.8972737588892,32.0,1883.0440036045648,32.0,1219.6569695668986,32.0,843.8748122190036,32.0,1760.5837483593314
33.0,1640.3830169524008,33.0,795.7993826068287,33.0,1464.5003320316291,33.0,1909.0871644632107,33.0,2081.7659479969498,33.0,1716.9149297165122,33.0,2011.8094280338582,33.0,2162.3900194217613,33.0,1874.7997116899787,33.0,1746.126965281146,33.0,1838.5851731507682,33.0,1975.2842070011675,33.0,2060.553769642497,33.0,1914.9133911472309,33.0,1131.0772858628516,33.0,1526.5277518025514,33.0,1981.6228073196617,33.0,1161.6014607613288,33.0,984.0775849221118,33.0,1690.1420580590166
34.0,1742.6781764623947,34.0,732.8978162419708,34.0,1594.3116617886544,34.0,1804.2641402625904,34.0,2161.322500898308,34.0,1629.792945620099,34.0,1943.8673061160698,34.0,2221.076956859807,34.0,1991.8954120747376,34.0,1865.9787420994007,34.0,1753.5344585710727,34.0,1892.5606065439315,34.0,2140.4653863972144,34.0,1977.7088288113855,34.0,1077.5235404162995,34.0,1651.8581205090495,34.0,1914.8676277864606,34.0,1292.9818197517325,34.0,924.538544072575,34.0,1602.662481472299
35.0,1832.0082516340908,35.0,669.0808141314601,35.0,1545.0953579945435,35.0,1924.1054389704468,35.0,2271.37237495114,35.0,1716.9149297165122,35.0,2039.5746187683226,35.0,2122.515838399455,35.0,1872.022581242375,35.0,1757.8495835381536,35.0,1667.0358718781008,35.0,1975.2842070011675,35.0,2060.5537696424963,35.0,2039.6243914121578,35.0,1216.064346253269,35.0,1484.7568551853637,35.0,1847.1426979870066,35.0,1421.088771266035,35.0,1062.3267248268812,35.0,1552.1476059624283
36.0,1930.473222064349,36.0,604.3367703046297,36.0,1633.6350678582012,36.0,1840.510589971801,36.0,2225.6107867918527,36.0,1629.792945620099,36.0,1971.94282707803,36.0,2021.761482436882,36.0,1822.8252697403077,36.0,1877.346099854556,36.0,1789.2940340431114,36.0,1926.3965986522508,36.0,2140.4653863972135,36.0,1972.4723482476293,36.0,1162.6741874302097,36.0,1432.009253962583,36.0,1936.8436078731083,36.0,1109.9596757842855,36.0,1003.0589071112609,36.0,1677.9307233779118
37.0,1861.875872289259,37.0,538.6538803823387,37.0,1720.6927399021624,37.0,1959.2352383348543,37.0,2105.64353648404,37.0,1716.9149297165122,37.0,1869.7360533333895,37.0,1939.8290940386742,37.0,1940.9279959336855,37.0,1858.5440923579954,37.0,1739.264211529634,37.0,2041.370986281192,37.0,1933.3388277074737,37.0,1869.60922180313,37.0,1298.5558518842317,37.0,1371.1354461314695,37.0,2053.460373419405,37.0,1023.3141732245758,37.0,942.9225584905034,37.0,1627.5998300887468
38.0,1792.2740748403512,38.0,472.02013949819957,38.0,1439.7537173241835,38.0,2072.053498070204,38.0,2184.8004100862972,38.0,1660.7531468674715,38.0,1952.8417066698112,38.0,1856.501918766282,38.0,1891.9340008682366,38.0,1956.4092895374215,38.0,1837.90783781547,38.0,1992.6974031893815,38.0,1849.901164525896,38.0,1785.0866492279629,38.0,1245.342697466207,38.0,1499.952313279221,38.0,1987.462780628568,38.0,1160.1035169805791,38.0,1079.520210501516,38.0,1576.5095040673077
39.0,1742.252782137598,39.0,617.887811181784,39.0,1530.0567071410105,39.0,1956.4338389655095,39.0,2233.1494183642517,39.0,1747.3568980803057,39.0,1832.4853684124473,39.0,1771.7562122804693,39.0,1807.7914771286742,39.0,2052.3073385339594,39.0,1937.2888320864386,39.0,1943.3064310188265,39.0,1765.0430892253298,39.0,1735.0448258678152,39.0,1191.31835200355,39.0,1625.4799513093185,39.0,1785.6039076008574,39.0,1103.1389543721953,39.0,1019.6692105464708,39.0,1524.6508839735652
40.0,1691.484367785578,40.0,760.1708357078296,40.0,1618.8481441602735,40.0,2015.280958493292,40.0,2291.8709618927915,40.0,1661.14867976809,40.0,1781.9955550012546,40.0,1856.501918766281,40.0,1891.9340008682366,40.0,1951.126755107849,40.0,1833.8769039271747,40.0,1860.0384526534426,40.0,1849.901164525896,40.0,1820.4050324819973,40.0,1325.6360426559595,40.0,1747.811149301764,40.0,1699.6512594243086,40.0,1237.5176600054147,40.0,1154.0023989135952,40.0,1472.0149353200823
41.0,1812.408055247678,41.0,695.1522311746139,41.0,1706.1533297796805,41.0,2110.328269327497,41.0,2349.769754090743,41.0,1763.2323899597613,41.0,1730.7591407126465,41.0,1939.8290940386732,41.0,1807.7914771286742,41.0,2047.144044974356,41.0,1748.746037502261,41.0,1975.902315060025,41.0,1765.0430892253298,41.0,1938.5812057710755,41.0,1456.4793324334778,41.0,1696.4633584728927,41.0,1824.0011440579083,41.0,1147.5317398304824,41.0,1284.9999297018512,41.0,1418.5924493663397
42.0,1761.8543267983996,42.0,629.1980598767177,42.0,1720.2848560463271,42.0,2009.947995622967,42.0,2437.9392407559462,42.0,1655.4044063461033,42.0,1678.7670018889748,42.0,1702.4604767343162,42.0,1722.2165419829844,42.0,2141.2320082278056,42.0,1833.8769039271747,42.0,1893.1892370472606,42.0,1849.901164525896,42.0,2020.5344821709505,42.0,1164.5873818063774,42.0,1816.658505527541,42.0,1945.0569529479035,42.0,1089.8664929572724,42.0,764.829440257111,42.0,1545.9708610843873
43.0,1685.4716843617189,43.0,562.2961325938286,43.0,1650.5380899804313,43.0,1907.3498782218285,43.0,2493.9573281687344,43.0,1773.9559712350965,43.0,1798.9210990047395,43.0,1615.092425341596,43.0,1635.1848105857289,43.0,2233.4304489778915,43.0,1638.1822645301518,43.0,1975.902315060025,43.0,1933.3388277074737,43.0,2101.115968949428,43.0,1110.3808323080793,43.0,1715.7279203020225,43.0,2026.9018338917558,43.0,1031.3506582204882,43.0,703.8891637344213,43.0,1670.1079252326163
44.0,1771.6616798996083,44.0,494.4340598247418,44.0,1579.7819012735144,44.0,1823.4697887137982,44.0,2402.041665400662,44.0,1666.4015356993186,44.0,1747.1665765284197,44.0,1715.0503107092509,44.0,1722.2165419829844,44.0,2168.8891328576638,44.0,1549.7199644717784,44.0,2015.3933965778588,44.0,1859.419567872469,44.0,1889.9680931852645,44.0,1055.3448214785685,44.0,1628.5857289935002,44.0,1809.0675696937997,44.0,971.9737818844715,44.0,847.6211536844712,44.0,1791.0946643218076
45.0,1856.4089687326396,45.0,425.5992494377206,45.0,1531.9095837175328,45.0,1738.1617553835677,45.0,2308.1042078179216,45.0,1789.2836131311506,45.0,1865.286448928885,45.0,1667.3753231697274,45.0,1635.1848105857289,45.0,2260.464615210257,45.0,1497.7885840275176,45.0,2077.614336324262,45.0,1752.9591769463086,45.0,1972.735088892512,45.0,999.4699799633545,45.0,1715.7279203020225,45.0,1723.5143582790424,45.0,911.7252226510391,45.0,786.9456563817221,45.0,1808.5998940710506
46.0,1556.123878377357,46.0,570.8582331617117,46.0,1483.2771482291937,46.0,1651.401469440203,46.0,2365.5530792411864,46.0,1461.948160040285,46.0,1980.4530559142822,46.0,1618.9565200237148,46.0,1546.6714829728144,46.0,2350.2040217550757,46.0,1587.1201468151885,46.0,1977.725500009612,46.0,1666.4507968703429,46.0,1852.6542680762286,46.0,1138.3403994852943,46.0,1628.5857289935002,46.0,1847.752739621009,46.0,1049.2470103434162,46.0,928.1847085895788,46.0,1872.9991128002175
47.0,1466.264646505323,47.0,502.39033546706105,47.0,1433.876737466987,47.0,1601.0039342047794,47.0,2270.6883355664877,47.0,1591.1761135669458,47.0,1918.179195539772,47.0,1744.5636028097097,47.0,1635.1848105857289,47.0,2438.1451297858357,47.0,1535.2908780736989,47.0,1726.8635423972764,47.0,1752.9591769463086,47.0,1767.8430605988806,47.0,1082.670553276721,47.0,1750.2397098534884,47.0,1762.8580903242973,47.0,1183.330278390341,47.0,867.7818034913762,47.0,1936.495103725958
48.0,1556.123878377357,48.0,432.9442709968371,48.0,1383.700305151664,48.0,1725.2838031065658,48.0,2207.0236177595716,48.0,1541.2888486385855,48.0,1814.9580765547553,48.0,1657.9122995645812,48.0,1722.2165419829844,48.0,2345.4281850246125,48.0,1482.6854178663825,48.0,1639.910919827541,48.0,1700.1195461072575,48.0,1888.2091824566542,48.0,1013.2966920306662,48.0,1754.978683302381,48.0,1676.5182257123415,48.0,1314.0693607693165,48.0,1006.6088596979616,48.0,2032.6031871776195
49.0,1466.264646505323,49.0,362.50705819831273,49.0,1332.739615965368,49.0,1675.0767193821412,49.0,2161.6248643073777,49.0,1490.6355948954679,49.0,1898.980640883965,49.0,1744.5636028097097,49.0,1625.9877623422071,49.0,2402.856574143052,49.0,1608.7361935923282,49.0,1726.8635423972764,49.0,1802.3809795928082,49.0,1839.6509640906143,49.0,1151.059852423471,49.0,1648.009115044476,49.0,1762.8580903242973,49.0,1174.5993328263485,49.0,1141.9550048275996,49.0,1931.2585700107093
50.0,1374.875684088508,50.0,508.2931383097439,50.0,1280.9862453331425,50.0,1761.4407129064457,50.0,2258.164875947119,50.0,1618.3203197845596,50.0,1814.9580765547553,50.0,1866.8686034951124,50.0,1553.283390418991,50.0,2489.829640032701,50.0,1519.772614442215,50.0,1660.8474977354272,50.0,1902.5542038785134,50.0,1957.8179636250607,50.0,1094.7395038431541,50.0,1769.6609652618645,50.0,1676.5182257123415,50.0,1305.59596243548,50.0,875.476693356376,50.0,1827.69449930894
51.0,1281.9309495562156,51.0,438.2392929367925,51.0,1228.4315790908695,51.0,1846.359087229378,51.0,2334.7687437427976,51.0,1742.6846654890742,51.0,1898.980640883965,51.0,1736.878793679125,51.0,1678.4107970115483,51.0,2545.392409829469,51.0,1644.7006768502824,51.0,1609.230525493298,51.0,1834.6998534854738,51.0,1874.7970242585297,51.0,1037.5773912099185,51.0,1683.4369102931423,51.0,1762.8580903242973,51.0,1247.8670319133207,51.0,814.893780317524,51.0,1842.86982736953
52.0,1374.875684088508,52.0,581.8889015645564,52.0,1175.0668130434387,52.0,1808.272733838353,52.0,2410.0903639528105,52.0,1780.8881836117816,52.0,1981.596778444492,52.0,1607.4074746553297,52.0,1800.321854364509,52.0,2440.0677641962275,52.0,1766.4522089868397,52.0,1732.0525159016288,52.0,1747.4394950110982,52.0,1790.362766926114,52.0,1173.9349191192414,52.0,1769.6609652618645,52.0,1611.5447497621326,52.0,1189.298857326583,52.0,753.4185011033342,52.0,1924.4945299922638
53.0,1281.9309495562156,53.0,512.2196937596573,53.0,1310.562987984119,53.0,1854.2841199949426,53.0,2333.1021516965993,53.0,1692.773539340913,53.0,1861.6710312011846,53.0,1705.9691012581143,53.0,1595.3426672838277,53.0,2363.514635897981,53.0,1436.0196130936274,53.0,1851.7516425954318,53.0,1870.2807785634232,53.0,1704.4911318220838,53.0,1306.8219798649325,53.0,1672.1458614795765,53.0,1738.6931916614012,53.0,1319.2621048752462,53.0,894.9894653870306,53.0,1838.9412367788063
54.0,1187.4039580156177,54.0,653.7920400711637,54.0,1442.5259100621033,54.0,1767.4445497172928,54.0,2220.873440441005,54.0,1643.1101566464022,54.0,1908.2266481079578,54.0,1658.9484058824555,54.0,1719.7964035737969,54.0,2405.540987373809,54.0,1564.1151114857157,54.0,1815.5700768724246,54.0,1823.5264928124498,54.0,1790.362766926114,54.0,1250.9746964518545,54.0,1793.071327335916,54.0,1708.6623360447193,54.0,1446.0134113666163,54.0,1033.0078702122282,54.0,1920.6286581107952
55.0,1281.9309495562156,55.0,791.9945079911467,55.0,1571.0580699967732,55.0,1681.182763304757,55.0,2140.410697373314,55.0,1766.709495701004,55.0,1822.3833712605892,55.0,1611.1849897962493,55.0,1641.0603801253128,55.0,2446.927861098209,55.0,1688.91125367122,55.0,1708.860772160282,55.0,1776.048973355144,55.0,1740.3360006235544,55.0,1194.3020115740374,55.0,1846.2252474687266,55.0,1577.4938038882174,55.0,1227.9781192209866,55.0,1167.5716460900512,55.0,2000.9796098557672
56.0,1227.3200930290086,56.0,926.9137102013065,56.0,1519.8222094700095,56.0,1593.4524879370683,56.0,2218.985614614966,56.0,1554.2773514571836,56.0,1698.5079526644759,56.0,1562.6710763823276,56.0,1590.0059871529884,56.0,2487.6821664404742,56.0,1639.0718557087812,56.0,1829.8443329240654,56.0,1897.3710239163056,56.0,1860.3634098170496,56.0,1325.9456663079636,56.0,1927.8604104661,56.0,1530.3215343979546,56.0,1027.205339443046,56.0,941.5864829482744,56.0,1916.7566940299475
57.0,1359.8759952807486,57.0,828.2755130036612,57.0,1467.8119023069376,57.0,1542.9161800012625,57.0,2296.2452915061494,57.0,1680.6256779045389,57.0,1648.2300956016124,57.0,1513.3987061152138,57.0,1714.0115480320192,57.0,2527.8106620696644,57.0,1509.8919650946173,57.0,1721.871369148851,57.0,1850.047911125981,57.0,1812.539579371186,57.0,1454.2742979991272,57.0,2003.7444294811685,57.0,1482.3906117581291,57.0,1163.2207632932004,57.0,978.7961683851518,57.0,1997.1694569170395
58.0,1305.483129404778,58.0,530.1138425814897,58.0,1376.4492798043539,58.0,1452.832105125217,58.0,2261.9680021128197,58.0,1766.8967891910006,58.0,1771.062863703045,58.0,1463.359736355238,58.0,1484.0505798923477,58.0,2420.7932716392397,58.0,1636.9803169949218,58.0,1842.4593779404822,58.0,1802.001977175979,58.0,1894.6484327397375,58.0,1315.4502704197166,58.0,1885.7054384450976,58.0,1612.9890524321472,58.0,1105.6076203571583,58.0,876.7874541982155,58.0,2076.266639654539
59.0,1250.2785846876095,59.0,618.6086852362405,59.0,1467.8119023069376,59.0,1542.9161800012625,59.0,2146.7595326345754,59.0,1512.317971817768,59.0,1664.1857367390921,59.0,1412.5458410325964,59.0,1431.948993251528,59.0,2461.0254160359655,59.0,1760.7686674764554,59.0,1941.4327899229766,59.0,1921.9130876512418,59.0,1940.51788429291,59.0,1222.0589283494037,59.0,1799.5269328942395,59.0,1740.0914389902655,59.0,1239.2734164255353,59.0,1017.3497961627681,59.0,1993.3532924809033
60.0,1194.2526466362433,60.0,196.4783517638497,60.0,1376.4492798043539,60.0,1631.4923664267571,60.0,2028.338100126016,60.0,1462.2770143181106,60.0,1613.1942324268357,60.0,1360.9485102249919,60.0,1560.1693452454729,60.0,2500.6303019061743,60.0,1671.0562477456042,60.0,2021.4831826272984,60.0,1871.3486275356972,60.0,1819.1844042707562,60.0,1124.2313058661384,60.0,1883.8077941903275,60.0,1662.4831036140613,60.0,1181.9211803907792,60.0,1074.653592929125,60.0,1908.994431575281
61.0,1326.5272871172328,61.0,255.4750022350454,61.0,1467.8119023069376,61.0,1394.2448303897072,61.0,2108.7889646451968,61.0,1552.2029938869873,61.0,1736.4932146950123,61.0,1492.0087688710573,61.0,1685.0861247577113,61.0,2392.136283002118,61.0,1704.651104934631,61.0,1937.6578676401368,61.0,1915.9722974519045,61.0,1694.0642837417263,61.0,1068.5253914285022,61.0,1779.104004924361,61.0,1529.7303879238543,61.0,1123.7277543524924,61.0,974.3138610521937,61.0,1860.4921462799857
62.0,1270.7441201314186,62.0,408.3951690829872,62.0,1503.8752405576433,62.0,1342.6101814276244,62.0,2028.338100126016,62.0,1502.2375782264535,62.0,1856.63721944782,62.0,1619.650933933137,62.0,1796.6260588515916,62.0,2431.823094979438,62.0,1788.480986535309,62.0,1984.058174101705,62.0,1792.508110253173,62.0,1604.3627413262366,62.0,1011.9786550528788,62.0,1690.9924007317368,62.0,1482.5144565408991,62.0,1064.6826645765468,62.0,1112.5902557642266,62.0,1808.071251928699
63.0,1214.1375907544525,63.0,557.4862951189625,63.0,928.5251259871256,63.0,1290.1813170700862,63.0,1946.5176696507824,63.0,1591.4946707264698,63.0,1881.1565745666676,63.0,1743.9741754052793,63.0,1708.8609823052284,63.0,2470.880392746956,63.0,1700.50185111863,63.0,2029.7566313501766,63.0,1744.9705602526383,63.0,1515.324710131762,63.0,954.5812934078676,63.0,1640.695036604393,63.0,1434.533780480153,63.0,1004.7752532352833,63.0,875.4736999401766,63.0,1722.501079566403
64.0,1345.1886855324838,64.0,219.31293090588952,64.0,1072.5122765593496,64.0,1422.7763325583392,64.0,1863.304358231905,64.0,1670.8521816414477,64.0,1927.6740222561457,64.0,1185.912435839893,64.0,1829.8445366765118,64.0,2509.3142820357643,64.0,1757.2253158317844,64.0,2108.3335346874137,64.0,1696.6982438748482,64.0,1643.5360088602583,64.0,896.3233113560191,64.0,1589.639661811666,64.0,1385.7808416275993,64.0,1139.5469033336294,64.0,1016.7665331578992,64.0,1635.4741920324132
65.0,1288.8397933131473,65.0,374.04008347795207,65.0,1019.6075280584964,65.0,1370.526372247993,65.0,1946.5176696507824,65.0,1728.3560592912381,65.0,1973.4831647855535,65.0,1134.663357648552,65.0,1654.6307248202838,65.0,2547.1307070866933,65.0,1840.1827450508708,65.0,2025.9917284050753,65.0,1819.874815313854,65.0,1746.2411327363889,65.0,837.1945207365334,65.0,1713.656396344436,65.0,1336.2479248060272,65.0,1079.9292263939178,65.0,1154.4237282086806,65.0,1722.501079566403
66.0,1417.6674207597534,66.0,524.8596194563879,66.0,1160.6941840109303,66.0,1317.4823134974877,66.0,1876.7994698840594,66.0,1639.2674216789728,66.0,2052.9584105585673,66.0,1082.5977558147833,66.0,1564.298006778965,66.0,2438.393027677311,66.0,1921.7839548690827,66.0,2104.628750027987,66.0,1867.850387183632,66.0,1649.9751174788353,66.0,978.2743911655689,66.0,1799.374617023791,66.0,1285.9271181101503,66.0,1019.4458571783625,66.0,1056.0849359712956,66.0,1635.4741920324132
67.0,1268.4863490610178,67.0,603.6392544968876,67.0,1107.9232953481423,67.0,1263.6350434102687,67.0,1830.6936429671496,67.0,1713.2219485651958,67.0,1934.6498939156445,67.0,1222.414072380273,67.0,1474.577928265271,67.0,2476.248399593268,67.0,2002.0511299048194,67.0,2181.9790816598625,67.0,1743.4661396973797,67.0,1774.6104265661033,67.0,1115.7632925476346,67.0,1868.7832666409877,67.0,1420.7082820882815,67.0,958.0857620362303,67.0,998.8108780101293,67.0,1722.501079566403
68.0,1211.238004234131,68.0,705.641509994497,68.0,1246.2177462804866,68.0,1208.9752659540572,68.0,1914.4528146946277,68.0,1623.8628395603546,68.0,2014.7447728426587,68.0,1316.355040839926,68.0,1423.11388775456,68.0,2513.482541901243,68.0,2081.0060916908024,68.0,2258.063787759809,68.0,1656.7961536434877,68.0,1820.8379178506084,68.0,1249.7621013646567,68.0,1746.4108066263816,68.0,1370.5108080045366,68.0,1092.9886218123902,68.0,940.6809156929121,68.0,1671.6746480551155
69.0,1341.760248801017,69.0,805.9731245883304,69.0,1332.9823022746787,69.0,1153.493500943392,69.0,1979.6489273145644,69.0,1535.1567708729426,69.0,1895.1911867064064,69.0,1408.7235615437603,69.0,1513.6954063442236,69.0,2402.982992232908,69.0,1998.1117886461343,69.0,2332.903587766091,69.0,1568.6507295937408,69.0,1733.365768113752,69.0,1380.3685082055226,69.0,1696.2609707981492,69.0,1502.61310935058,69.0,1224.5703106712326,69.0,881.6848388626304,69.0,1583.7825100271575
70.0,1284.7814628314336,70.0,701.0439701237574,70.0,1422.8050833038606,70.0,1248.5881087540401,70.0,2022.1995103855397,70.0,1623.8628395603546,70.0,1624.9308197027594,70.0,1087.4279477658802,70.0,1602.7607099324814,70.0,2289.3366576807784,70.0,2041.9338129241569,70.0,2254.4707388261813,70.0,1695.1908161837146,70.0,1610.5882948782782,70.0,852.0889132396687,70.0,1782.2703679291662,70.0,1452.5544498413365,70.0,1352.920088613193,70.0,821.812245073058,70.0,1671.6746480551155
71.0,1226.9718419571627,71.0,844.1774531710535,71.0,1511.1604334811555,71.0,1342.0909584096025,71.0,2064.063388395708,71.0,1413.5183533826457,71.0,1712.134189366221,71.0,989.5898085925746,71.0,1562.2356050092776,71.0,2172.440969018482,71.0,2120.220591805508,71.0,2297.27679872144,71.0,1558.0855926640315,71.0,1561.4019517971465,71.0,994.806329879445,71.0,1732.9709194348943,71.0,1582.0766626585155,71.0,1017.4944508748995,71.0,962.6779271138112,71.0,1758.0955877607412
72.0,1168.3209000548004,72.0,983.7073598567213,72.0,1418.2645336097448,72.0,1287.6469868230597,72.0,1942.8539918368933,72.0,1363.3095969706337,72.0,1585.3173045802478,72.0,937.3633674173161,72.0,1609.2339162580056,72.0,2093.0736928329407,72.0,2197.22780247632,72.0,2185.076884394647,72.0,1684.9561694164722,72.0,1511.4545958738663,72.0,1133.8204553620835,72.0,1606.1803871762222,72.0,1589.3222683077147,72.0,956.7632870041916,72.0,1099.9780783539218,72.0,1324.5032102834348
73.0,1108.8179705106668,73.0,944.0848515018906,73.0,1291.8115172187017,73.0,1418.3677808877355,73.0,1857.4199332242251,73.0,1312.3141618323143,73.0,1495.9550508688208,73.0,1081.828031795806,73.0,1694.5483497229889,73.0,2012.3552973009746,73.0,2238.9357391572166,73.0,2104.0395956685934,73.0,1395.3293977250187,73.0,1460.7378515105756,73.0,1233.8635653879091,73.0,1693.6976143188067,73.0,1236.0862119757548,73.0,1092.3229538591404,73.0,1041.4966849259963,73.0,1230.7009532663587
74.0,1240.536736187435,74.0,1040.4892016634003,74.0,1382.210311757207,74.0,1257.9828411477174,74.0,1931.1132668254404,74.0,1260.5236469690853,74.0,1624.77530597224,74.0,1222.4043580856878,74.0,1778.4689757877177,74.0,1930.2627814632988,74.0,2123.593090232478,74.0,2160.8272922550705,74.0,1340.8899903647361,74.0,1409.2431623285865,74.0,1136.2464892088174,74.0,1378.7903734489482,74.0,1364.193922924037,74.0,1031.8898097766378,74.0,982.1552860249221,74.0,1324.5032102834348
75.0,1369.0034447385488,75.0,939.6174441386156,75.0,1471.1337514412899,75.0,1202.6389288498058,75.0,1806.083843788003,75.0,1207.9294603962207,75.0,1750.1998900977414,75.0,1359.2099699960418,75.0,1861.018579237464,75.0,1846.7727528007472,75.0,2200.5141673678754,75.0,2079.357468534552,75.0,1473.9282347071976,75.0,1500.0568585445317,75.0,1271.589528538373,75.0,1470.1138091355142,75.0,1453.3224093664649,75.0,1165.2507964429924,75.0,1080.1178692881567,75.0,1416.7353413910623
76.0,1003.2060560503469,76.0,879.9305972480042,76.0,1558.6059306186908,76.0,1146.4685967827018,76.0,1664.5476619065648,76.0,1302.1128821324546,76.0,1798.375873653762,76.0,1243.2046011122893,76.0,1774.2287724328116,76.0,1930.2627814632988,76.0,2241.60274343313,76.0,1998.4055730401324,76.0,1603.4422271232133,76.0,1409.2431623285865,76.0,1216.950915372906,76.0,1378.7903734489482,76.0,1540.997656540455,76.0,1105.1201432865291,76.0,1213.912424216377,76.0,1356.1741033690669
77.0,1138.6531590784516,77.0,819.3626511397306,77.0,1466.4421020571508,77.0,1280.1850925039307,77.0,1751.0878979485897,77.0,1249.6001971409996,77.0,1710.5023025307182,77.0,1334.3338088722194,77.0,1685.923571139996,77.0,2012.3552973009746,77.0,2282.035192538775,77.0,2079.357468534552,77.0,1217.3433469585052,77.0,1316.8834871175868,77.0,1121.3177276071656,77.0,1327.8212122894565,77.0,1584.3226757764896,77.0,1236.3494862587158,77.0,1344.3554072121187,77.0,1404.0719021779487
78.0,1270.7119301571965,78.0,959.6327480498967,78.0,1372.6672696868427,78.0,1224.2526634089181,78.0,1353.307975677113,78.0,1196.2798314950724,78.0,1662.1627468050901,78.0,1238.1909608187661,78.0,1810.066727048943,78.0,1997.9691149358414,78.0,2356.3382520261675,78.0,1768.8843520604041,78.0,1311.36919266544,78.0,1448.6506078743378,78.0,1064.9138601578952,78.0,1234.075439719336,78.0,1626.898940557453,78.0,1364.3580531054686,78.0,753.390166582748,78.0,1492.687078056917
79.0,660.0725800646242,79.0,899.3402489578039,79.0,1506.0849925753018,79.0,1167.4920659351374,79.0,1259.9960804018401,79.0,1331.1170405671764,79.0,1613.0763585712066,79.0,1375.9443301454357,79.0,1724.53052492186,79.0,1872.3592263103337,79.0,2243.0282054202744,79.0,1853.6781296937897,79.0,1403.821169883524,79.0,1356.9617905361147,79.0,1201.1036016359812,79.0,1327.8212122894565,79.0,1711.704309279121,79.0,942.8798719434308,79.0,693.865144398932,79.0,1579.8552782765146
80.0,599.5609299923854,80.0,838.1639836037666,80.0,1457.4179052720037,80.0,1299.938073969136,80.0,1399.2957960083668,80.0,1462.4435964704662,80.0,1700.4781562592934,80.0,1327.1322049692353,80.0,1637.538185919887,80.0,1787.8834688014122,80.0,2126.5392273803272,80.0,1937.052571466228,80.0,1279.8592481179712,80.0,1487.489706787771,80.0,1144.9287092603208,80.0,1460.5874293434808,80.0,1622.0860794910332,80.0,883.2037157002724,80.0,633.4436187275378,80.0,1488.1110448838062
81.0,747.1641229113657,81.0,954.4492609070212,81.0,1407.9796937241317,81.0,1243.430974086762,81.0,1534.741603891236,81.0,1590.3611263935736,81.0,1786.4169632748035,81.0,1462.0124121306453,81.0,1762.5628078707914,81.0,1701.9696270371214,81.0,2203.34701081238,81.0,1881.1795824949822,81.0,1230.213256495781,81.0,1614.6358125569923,81.0,1087.9173591729968,81.0,1309.478040961404,81.0,1706.9676346549222,81.0,822.6467973151566,81.0,780.012663116323,81.0,1575.351986702227
82.0,890.9774718104618,82.0,893.4767174109884,82.0,1539.57865432787,82.0,1186.0933993165636,82.0,1421.5766252370386,82.0,1179.1929026405815,82.0,1468.827226358162,82.0,1591.1671014474896,82.0,1717.1794176615076,82.0,1787.8834688014122,82.0,2243.1714886561513,82.0,1923.785397436558,82.0,1179.7660844814536,82.0,1332.2938964820341,82.0,1222.754608615829,82.0,1442.821136866406,82.0,1790.465890722452,82.0,761.1983066328239,82.0,719.832810744284,82.0,1661.1684371147376
83.0,1031.1086763566436,83.0,831.6149394846025,83.0,1490.267177728917,83.0,1317.361646995524,83.0,1326.7838978941463,83.0,1273.8573364048352,83.0,1558.6435640275413,83.0,1676.694615103379,83.0,1761.9475872461262,83.0,1701.9696270371214,83.0,2126.0295441285743,83.0,1965.691268823638,83.0,1128.5097817626747,83.0,1353.1229241718866,83.0,1165.9891340432669,83.0,1536.930506067145,83.0,1872.6034076242076,83.0,902.5376683184504,83.0,822.1863258269314,83.0,1745.5836702525066
84.0,768.3344701869619,84.0,768.8527087788325,84.0,1619.266446375821,84.0,1445.3437386467267,84.0,1465.4032727929289,84.0,1044.55292399074,84.0,1468.827226358162,84.0,1760.8261063538594,84.0,1844.7243738791167,84.0,1614.5932195995183,84.0,2165.87364747212,84.0,1841.1335951017418,84.0,1224.022584039507,84.0,1257.3997684399183,84.0,1108.385246006732,84.0,1425.5457930539978,84.0,1953.4023771105985,84.0,841.3730375190271,84.0,762.1310287863544,84.0,1656.7291235480025
85.0,623.8467897450037,85.0,870.3856955028859,85.0,1626.4746235727343,85.0,939.214692924148,85.0,1264.964477151977,85.0,1141.471053195257,85.0,1377.481888359147,85.0,1672.2067332933857,85.0,1757.6068979774427,85.0,1525.7293483079975,85.0,2205.052558746178,85.0,1713.0267773987016,85.0,1360.7764894281672,85.0,1162.4551670859337,85.0,1241.9680557626443,85.0,1516.086604760464,85.0,1868.007001338774,85.0,779.3139439657771,85.0,904.7952931586324,85.0,1566.322208100497
86.0,564.7794525680029,86.0,768.8527087788325,86.0,1535.5644642790567,86.0,882.3470633719717,86.0,1405.6620569748648,86.0,1057.2857569409907,86.0,1284.5815208907134,86.0,1756.4095054070767,86.0,1747.1508429106261,86.0,1614.5932195995183,86.0,2085.9285964225583,86.0,1798.7555370677483,86.0,1385.900324311544,86.0,1065.8942637257178,86.0,1372.1892865216423,86.0,1521.1479858855864,86.0,1781.116577077094,86.0,919.4585887618323,86.0,844.9958685204347,86.0,1517.738970430899
87.0,714.9370015067225,87.0,665.5912617968961,87.0,1624.2637087172398,87.0,824.6146291901969,87.0,1496.5356961653097,87.0,1005.9073144107333,87.0,1419.4054564587686,87.0,1839.2379226921803,87.0,1658.2865469129656,87.0,1701.9696270371214,87.0,2125.0938009373094,87.0,1713.0267773987016,87.0,1290.7233547380747,87.0,1012.9803099424389,87.0,1192.836906409184,87.0,1607.8636912880638,87.0,1564.5082022905526,87.0,1056.1144834490533,87.0,784.3117363187603,87.0,1646.5356359228635
88.0,656.0665440649936,88.0,807.777420712775,88.0,1243.1233560086657,88.0,967.4683789485061,88.0,1201.6411032729911,88.0,953.6961021043553,88.0,1550.6423413892562,88.0,1751.985208701738,88.0,1611.2037877789817,88.0,1194.187012032863,88.0,2003.1979783402621,88.0,1798.7555370677483,88.0,1240.344412687179,88.0,1154.2772948318898,88.0,1324.5243651293695,88.0,1516.620604101574,88.0,1696.6906881534114,88.0,1189.3767839872135,88.0,925.6296169570451,88.0,1520.3062961054693
89.0,596.2991537880825,89.0,938.7215214196849,89.0,1147.935718255294,89.0,1106.6337387161884,89.0,1295.9297838032144,89.0,1097.6352969405589,89.0,1222.5911562016145,89.0,1663.2074995612384,89.0,1522.282216045589,89.0,1151.1065929587785,89.0,2084.069655298693,89.0,1707.159480247764,89.0,1376.577185600534,89.0,1101.495962085426,89.0,1416.3598852585656,89.0,1295.6209276754726,89.0,1616.1044217680446,89.0,1042.2430518444335,89.0,865.2178402393729,89.0,1606.9589324469498
90.0,744.7335564086761,90.0,1037.4111285448207,90.0,1097.4123236902342,90.0,995.8338347386525,90.0,1146.0719749079426,90.0,1045.523192621281,90.0,1172.1361213890505,90.0,1616.1308282514347,90.0,1611.2037877789808,90.0,1297.3432939388904,90.0,2163.587647182043,90.0,1619.8714229642173,90.0,1422.5987810968563,90.0,1239.992949828571,90.0,1048.640770418935,90.0,1430.79942805288,90.0,1571.861304916998,90.0,986.4186674960147,90.0,803.9188345766279,90.0,1515.6218358890692
91.0,889.3300174460546,91.0,938.7215214196849,91.0,1193.4456563486392,91.0,642.9474484632456,91.0,1101.3039266602846,91.0,992.5816405640717,91.0,1310.5514284139963,91.0,1743.1330517849747,91.0,1698.6369298292566,91.0,1147.6628339913896,91.0,2149.97034165324,91.0,1573.446958651295,91.0,1510.8807576771278,91.0,1374.8334174757947,91.0,950.1423325907517,91.0,1262.7648205304586,91.0,1526.868353051742,91.0,1082.1090009376967,91.0,741.7215863669298,91.0,1645.8424164230519
92.0,1030.1986203973593,92.0,1037.4111285448207,92.0,1097.4123236902342,92.0,792.9533169159404,92.0,1003.7020070529743,92.0,938.8021182626981,92.0,1445.252288638737,92.0,1791.8115914904529,92.0,1587.8547321330198,92.0,1103.7707288321508,92.0,2027.5093381957404,92.0,1483.8826285325104,92.0,1417.9018286925784,92.0,1087.5083542292668,92.0,893.3002249590645,92.0,1398.9965565782159,92.0,1436.5110858664539,92.0,1176.2327873193044,92.0,882.9769736237522,92.0,1743.9410231643615
93.0,781.5421393527722,93.0,930.6589921688774,93.0,999.7441548639235,93.0,736.5440362256222,93.0,1152.4466947304309,93.0,884.175896141106,93.0,1368.9794622009667,93.0,1835.1446696186185,93.0,1452.5265580002924,93.0,1250.7888395781747,93.0,2065.218033872634,93.0,1435.903282180163,93.0,1274.6313281580397,93.0,1154.9225646734212,93.0,827.6063122124888,93.0,1312.294793263476,93.0,1344.6156097662142,93.0,1077.7021699439083,93.0,821.0749536057119,93.0,1655.0192348066685
94.0,650.9241234347228,94.0,868.2965072771522,94.0,1097.4123236902342,94.0,883.5972277749615,94.0,1296.956320155934,94.0,828.6940374998312,94.0,1414.5841939931297,94.0,1707.561222810572,94.0,1542.6157473317098,94.0,1206.7588820500305,94.0,2102.2437002972983,94.0,1567.9925068191324,94.0,1224.233233842153,94.0,1055.6479849544257,94.0,970.3680790336311,94.0,1261.9426699112773,94.0,1436.5110858664539,94.0,1212.8474473552842,94.0,758.271430754734,94.0,1577.0949058011847
95.0,799.9092248248053,95.0,805.0319661593603,95.0,999.7441548639235,95.0,827.3530530284334,95.0,1130.543820684834,95.0,772.3473983314716,95.0,1502.9139551038352,95.0,1793.3814686457436,95.0,1496.1350498953234,95.0,1350.2413341137863,95.0,1977.3426351959051,95.0,1696.5325342991664,95.0,1360.9804089387508,95.0,1004.268190771736,95.0,912.8587187075818,95.0,1210.7916171724137,95.0,1344.6156097662142,95.0,1319.3329943944154,95.0,898.3879135794532,95.0,1665.0989854923955
96.0,944.975294615937,96.0,740.8537653649073,96.0,947.5271053445013,96.0,971.5614588488461,96.0,1275.7999301968684,96.0,715.126627009834,96.0,1409.7114106990703,96.0,1581.8971990933633,96.0,1585.4942906607484,96.0,1349.2163962623154,96.0,1799.9260514116686,96.0,1469.3284581467915,96.0,1494.072492145886,96.0,952.0554159292351,96.0,1053.007972608556,96.0,1347.2535512581544,96.0,1436.5110858664539,96.0,1223.3129001928555,96.0,835.8928534228216,96.0,1629.7019552801821
97.0,969.2119502049372,97.0,880.2072960218966,97.0,859.1230662024436,97.0,915.4972042299614,97.0,1392.1831780970033,97.0,657.0221638569992,97.0,1428.5040029694064,97.0,1444.7650463746186,97.0,1539.0425451312612,97.0,1253.0274396659834,97.0,1714.2172181487085,97.0,1421.3352511869844,97.0,876.6574181623218,97.0,899.001491640508,97.0,1189.560080250485,97.0,1480.090524751391,97.0,1344.6156097662142,97.0,1354.7132862897142,97.0,772.4925517991069,97.0,1673.0534548295536
98.0,866.8697245171943,98.0,1016.1479501314752,98.0,805.1738057287594,98.0,858.5751949693467,98.0,1480.655335678056,98.0,598.0242405923045,98.0,1516.5724781715871,98.0,1579.4501202683796,98.0,1669.2000757215756,98.0,1395.7498375889172,98.0,1627.049309201835,98.0,1511.9465418039626,98.0,1025.4864871113186,98.0,1043.9333499862441,98.0,962.2002028785218,98.0,1466.7573659153632,98.0,1436.5110858664539,98.0,1174.1230785494881,98.0,708.1754032974341,98.0,1539.8995520209428
99.0,1010.5742991375482,99.0,953.531177441454,99.0,750.361452678203,99.0,800.7857386132955,99.0,1386.8369074235252,99.0,747.1489036199773,99.0,1387.198510617346,99.0,1611.2667692008563,99.0,1750.2072034982702,99.0,1139.5511096902155,99.0,1538.3974858027368,99.0,1421.3352511869834,99.0,1170.1999092737342,99.0,1184.9818157929967,99.0,1101.5270676945138,99.0,1373.0281805068762,99.0,1526.868353051742,99.0,1307.0044633167545,99.0,642.9296073705245,99.0,1628.5262328151393
100.0,753.0714474449987,100.0,890.0151814174933,100.0,898.5061125626753,100.0,944.3728735918967,100.0,1278.0280290411183,100.0,688.35280320743,100.0,1339.8931528160856,100.0,1474.3586147284186,100.0,1619.7161079366288,100.0,1095.6712975882783,100.0,1627.049309201835,100.0,1511.9465418039617,100.0,1156.9708979320876,100.0,1322.2636654367052,100.0,1237.2656860131729,100.0,1505.7369435094479,100.0,1230.3205376947744,100.0,1294.5400679725471,100.0,576.743166188242,100.0,1482.4439767454423
101.0,900.3612090761444,101.0,1025.0711757371646,101.0,1042.6966692734723,101.0,1084.246748946377,101.0,1233.128953000638,101.0,791.2332520445007,101.0,1291.8042920833686,101.0,1564.0823642610994,101.0,1707.0067649886323,101.0,1050.9678219327916,101.0,1538.3974858027368,101.0,1352.8731656977534,101.0,1057.5987853841925,101.0,1001.4235268740404,101.0,858.3006822283542,101.0,1343.3176273889403,101.0,1009.3848746325057,101.0,1198.0421147326297,101.0,509.60388243172747,101.0,1341.7865758294774
102.0,844.9069180683991,102.0,961.8906529052001,102.0,1183.0514161932933,102.0,979.313782199959,102.0,1374.9012425577275,102.0,732.5429253910233,102.0,1428.5532625558299,102.0,1652.3042567136408,102.0,1437.3154163408599,102.0,1198.9481404128946,102.0,1448.2364863370412,102.0,1259.553868377162,102.0,1202.0460352782338,102.0,1081.989131750569,102.0,801.2532392275252,102.0,1432.8180590633046,102.0,1106.891670541194,102.0,1330.8418647174321,102.0,653.7330090158757,102.0,1248.278544476716
103.0,989.3009816278218,103.0,897.8060495167138,103.0,1113.0737033008872,103.0,1118.1162384267445,103.0,1320.3285448400447,103.0,672.964116926898,103.0,1380.5245665690627,103.0,1547.4419808673683,103.0,1342.8059711861015,103.0,1154.1209780052523,103.0,1538.3974858027368,103.0,1396.6151297606375,103.0,1037.68426562292,103.0,981.3609464155033,103.0,945.545583909121,103.0,1313.140819919171,103.0,1009.3848746325057,103.0,1200.7120484833968,103.0,586.9439783797698,103.0,1388.7465516441807
104.0,934.0100949151984,104.0,832.8054184438297,104.0,692.9909276789567,104.0,989.9921056848498,104.0,1459.164394035205,104.0,819.0438982197002,104.0,1331.7167078178963,104.0,1457.4349515622707,104.0,1434.731738246407,104.0,1108.4818845841382,104.0,1491.6668304442837,104.0,1487.6402025654925,104.0,978.1210391102677,104.0,930.7416122859704,104.0,1086.0808004702494,104.0,1405.5631424365947,104.0,963.9050568745533,104.0,1333.430815422621,104.0,519.1971802630142,104.0,1525.294443777505
105.0,1075.6141500809954,105.0,968.3086658789616,105.0,639.7478425322561,105.0,932.5350417126092,105.0,1112.1318094121634,105.0,759.6949253511602,105.0,1282.1220582322157,105.0,1547.4419808673683,105.0,1389.7485928402957,105.0,1062.025128155954,105.0,1400.7103054728605,105.0,997.2978220193136,105.0,928.329107458706,105.0,1076.9811696878342,105.0,1030.2798602708936,105.0,1496.4384373257853,105.0,1114.0132339794372,105.0,1462.7647894493703,105.0,662.4155473957726,105.0,1446.7898133725357
106.0,1020.5011276589885,106.0,1100.550486616923,106.0,602.7971809391613,106.0,874.2149917970892,106.0,1066.5322180780086,106.0,903.126734137033,106.0,1417.7329224829746,106.0,1432.2228714076082,106.0,1343.9895539389108,106.0,1014.7447189867835,106.0,1538.3977799919776,106.0,1095.0069392268733,106.0,877.6956234000891,106.0,1026.4073558414111,106.0,1168.2022060273293,106.0,1273.4372567960072,106.0,1068.411755363336,106.0,1334.0768434863267,106.0,802.1660019368928,106.0,1331.1513342341304
107.0,964.5453745960558,107.0,835.0224176652027,107.0,739.8793971898949,107.0,1014.855542189579,107.0,1020.1083291954383,107.0,844.0179988768077,107.0,1549.708895088922,107.0,1337.5313291464254,107.0,1481.2667823050087,107.0,966.6344129880326,107.0,1627.0495984667368,107.0,863.4664572697511,107.0,826.2132135382017,107.0,1169.52746194038,107.0,1289.3117046255911,107.0,1411.5316346747595,107.0,1021.9862787270313,107.0,1278.9589255920591,107.0,938.5397205448062,107.0,1237.4622524363494
108.0,907.7373558014742,108.0,769.7174964659898,108.0,685.8181651393279,108.0,1151.9011909643696,108.0,1167.4484532753177,108.0,784.0287917557143,108.0,1459.1317023354222,108.0,1293.4118906847598,108.0,1614.743123681248,108.0,1114.1132583216286,108.0,1179.4650406948604,108.0,1016.1471005787271,108.0,763.2347524388788,108.0,1308.764030847331,108.0,1192.6833255285628,108.0,1364.2372114438858,108.0,974.7309393541054,108.0,1184.3813394075605,108.0,608.0940610301441,108.0,1379.0880784401215
109.0,1048.737688870292,109.0,907.0150503742661,109.0,836.8254658037258,109.0,1138.4436664847071,109.0,1310.6322524303105,109.0,926.0322266044896,109.0,1333.3041874220662,109.0,1433.9445954135272,109.0,1358.9365141216795,109.0,1065.9763059645484,109.0,1274.1249192274636,109.0,1120.112812025026,109.0,659.87766743252,109.0,1194.8917308066266,109.0,1137.15706846801,109.0,1316.162551345612,109.0,926.639612104641,109.0,1278.9589255920591,109.0,750.0233069116784,109.0,1286.2150541614346
110.0,992.1391743454169,110.0,1040.9959016227667,110.0,983.7541154966739,110.0,655.3880634064899,110.0,1297.0160121158888,110.0,1064.4325596550825,110.0,1237.0566845900694,110.0,1342.0054283228692,110.0,1265.720437016691,110.0,1017.0174495569354,110.0,1367.200316399003,110.0,1019.9347407739651,110.0,605.7622974622973,110.0,1286.744172459391,110.0,1080.797407688763,110.0,1452.1197377757271,110.0,877.7059147789387,110.0,1184.3813394075605,110.0,888.4918443876904,110.0,1379.0880784401215
111.0,1130.5490746052428,111.0,844.3560669563876,111.0,985.8117775685605,111.0,804.2330529605206,111.0,852.4159560587759,111.0,878.8066339144998,111.0,1141.7657700516538,111.0,1248.5011226345387,111.0,1405.6049530785376,111.0,1162.0105854277635,111.0,995.9634266004432,111.0,973.5536683644259,111.0,759.3647633568162,111.0,1142.5557228040361,111.0,1216.5042373462775,111.0,1551.80607746842,111.0,1027.3286826769154,111.0,1316.9534013941593,111.0,516.6697544169856,111.0,1316.3931281560035
112.0,1074.1708960172382,112.0,548.7162181728445,112.0,643.8872576861804,112.0,949.1638769954498,112.0,807.1824492103133,112.0,553.8961917520774,112.0,1044.8526579986083,112.0,1202.7932499410636,112.0,1517.7009245219833,112.0,1303.0067708670958,112.0,1063.1748346775466,112.0,1122.4735713565506,112.0,705.3192689818388,112.0,1284.1926131499458,112.0,1348.7443517911115,112.0,1480.9066252706625,112.0,978.3711437699094,112.0,1409.3119063324957,112.0,637.8793498313116,112.0,1455.3610094206979
113.0,1016.9487642871818,113.0,482.8083109405952,113.0,759.2877193422629,113.0,931.8320211065393,113.0,962.7056127855003,113.0,704.3924181491084,113.0,946.2897327365163,113.0,1297.06264505756,113.0,1246.5203596314568,113.0,1117.9816667469213,113.0,991.3426590290183,113.0,1076.0070491401175,113.0,650.3980274886762,113.0,1421.9337533467742,113.0,1028.5557338198241,113.0,1432.9243936708508,113.0,928.5792251516314,113.0,1194.6798554947536,113.0,478.5596185632581,113.0,1310.1840784932183
114.0,932.9440360269873,114.0,629.0260634736096,114.0,784.7398094446044,114.0,751.0992213421987,114.0,917.2910470481102,114.0,645.498157446621,114.0,1092.8169507848406,114.0,1202.7932499410636,114.0,1376.4617402661634,114.0,1020.6636628586411,114.0,951.5871627131464,114.0,1028.719021112499,114.0,801.7438333601967,114.0,1523.4622670223107,114.0,971.9054047871059,114.0,1565.1093547620349,114.0,1075.6906524499382,114.0,1327.5816119892497,114.0,528.3162592503796,114.0,1216.138057838084
115.0,1031.7303506279886,115.0,563.4450923760887,115.0,866.3305145873413,115.0,669.2190839209043,115.0,1016.3393720136564,115.0,585.705785465233,115.0,995.0705520187503,115.0,1344.7871297151178,115.0,1331.5007822560365,115.0,1165.5363479831622,115.0,1107.6117917765378,115.0,1174.9401297541826,115.0,949.0216182891127,115.0,1452.611029840401,115.0,1110.934790364523,115.0,1497.766797615419,115.0,1025.9173931573096,115.0,1233.8317605516595,115.0,511.1809580064047,115.0,1310.1840784932183
116.0,973.6987027114392,116.0,707.309690853388,116.0,784.7398094446044,116.0,819.9602995547848,116.0,917.2910470481102,116.0,734.466574173086,116.0,895.6601544768,116.0,1482.8034452561042,116.0,1248.4532385750917,116.0,1271.5640388088914,116.0,1067.4941927244863,116.0,1127.6149936231477,116.0,895.181535490854,116.0,1286.4576605255834,116.0,1246.3859671344944,116.0,1418.8520506596687,116.0,1169.8285123464357,116.0,1365.5473723530813,116.0,463.03811400286753,116.0,1449.360366286557
117.0,914.8044104395249,117.0,642.0601592576277,117.0,759.2877193422629,117.0,765.166266113365,117.0,871.0276998407253,117.0,879.3783387574185,117.0,844.1841253346092,117.0,1052.0757518480614,117.0,1341.9583457793442,117.0,950.6848113490014,117.0,1026.5319460453902,117.0,1079.4766751285342,117.0,840.4894674098532,117.0,1238.3437843715255,117.0,1191.0088895663985,117.0,1550.7922914991077,117.0,1309.805157977221,117.0,1310.5271704225815,117.0,448.02003073937146,117.0,1281.6212887588008
118.0,855.0370579352657,118.0,783.6428272536205,118.0,895.3707871401301,118.0,709.5022067997079,118.0,1023.448913821866,118.0,890.8124207403862,118.0,992.4568667155118,118.0,1006.5421846785512,118.0,1480.069353324493,118.0,808.8584556083551,118.0,984.7220957506661,118.0,1030.518382858967,118.0,738.4475382840565,118.0,1376.836388015815,118.0,1308.1268784256554,118.0,1502.1864239687548,118.0,831.1622637459359,118.0,1216.486990438384,118.0,463.03811400286753,118.0,1158.6022146309533
119.0,794.3860370188122,119.0,718.7286024843925,119.0,925.3845189163217,119.0,858.1729131341399,119.0,1171.5187868910443,119.0,628.8656806131185,119.0,1136.6812196928422,119.0,912.1629677896099,119.0,1427.6498087735963,119.0,760.8962893796597,119.0,1137.6777445334556,119.0,1175.065706550331,119.0,886.2002978999353,119.0,1511.5485473272747,119.0,1406.832916076277,119.0,1591.4443727234911,119.0,982.3437430895201,119.0,1159.7011699813393,119.0,448.02003073937146,119.0,1113.8193588999902
120.0,935.4024930812766,120.0,652.8810971989615,120.0,1021.5982887771771,120.0,1002.8926946968904,120.0,1242.5259434929258,120.0,715.7031683561345,120.0,1276.9819902375266,120.0,811.3411819979829,120.0,1492.0472002810302,120.0,915.3176500191439,120.0,1095.6070155389061,120.0,1315.6325463969824,120.0,1030.0344153547776,120.0,1600.6497865003857,120.0,1514.1026608688435,120.0,1475.803442028472,120.0,1129.2973764824928,120.0,1102.076287173375,120.0,493.0787133534768,120.0,1259.6464350223732
121.0,875.0247291883697,121.0,793.5218397127301,121.0,988.4639793138184,121.0,1143.7790710464233,121.0,1357.8117208758013,121.0,632.7473367881803,121.0,1261.8381771055674,121.0,964.9247235743633,121.0,1422.2702688726104,121.0,1065.3627309593412,121.0,1052.706253583994,121.0,1452.3430054010169,121.0,1170.0661399028522,121.0,1554.2096217436265,121.0,1440.1208451526163,121.0,1426.3919092566048,121.0,949.8781001188017,121.0,1235.8476131497182,121.0,448.02003073937146,121.0,1401.325816815197
122.0,813.7607332081498,122.0,930.7421256658654,122.0,956.4043412508277,122.0,1165.1542074192357,122.0,1470.637383065984,122.0,575.283863474041,122.0,1187.4446330442706,122.0,917.7134424830492,122.0,1330.1323623366297,122.0,756.463835598006,122.0,1202.3664842512098,122.0,910.0156224423927,122.0,828.2831971968517,122.0,1683.8767438391287,122.0,1532.7956266860374,122.0,1334.324168012031,122.0,701.3685366784484,122.0,1366.2511931651316,122.0,583.3945598362561,122.0,1308.831359623391
123.0,751.5994896946941,123.0,997.8176085594096,123.0,965.055145623267,123.0,1088.1207094104284,123.0,1400.6656836711718,123.0,516.9203318407936,123.0,1137.726245482264,123.0,1067.6773555074315,123.0,1469.4219947768597,123.0,708.5593677797951,123.0,1347.6781928898854,123.0,861.9650111199226,123.0,974.7119020153032,123.0,1561.5320305285059,123.0,1459.0158223444414,123.0,1426.3919092566048,123.0,653.5334894994357,123.0,1273.1596384684135,123.0,731.4920609243891,123.0,1214.7623107792706
124.0,892.5627284523762,124.0,474.6842820742795,124.0,956.4043412508277,124.0,1227.0395129576118,124.0,1091.631315876568,124.0,457.6471226531594,124.0,1087.1947228308582,124.0,1164.208412265928,124.0,1512.714463131555,124.0,659.7783831632678,124.0,1376.6294299342026,124.0,760.288673759098,124.0,1117.225605570332,124.0,1514.344404919082,124.0,1404.9226386541886,124.0,1376.2034570075784,124.0,604.8128752270895,124.0,1215.9281026390454,124.0,751.6441367467014,124.0,1169.0758436626265
125.0,1030.0108128907805,125.0,621.8163069610155,125.0,925.3845189163209,125.0,1174.3830794271098,125.0,1239.0683167415282,125.0,611.1502184974024,125.0,1035.8422709050965,125.0,1117.7163167058816,125.0,1443.126184652262,125.0,816.751001412209,125.0,1306.5660999349275,125.0,710.5533397764584,125.0,672.604902838164,125.0,1644.606075893299,125.0,1495.8086547308621,125.0,1283.2813259935729,125.0,555.2009107992308,125.0,1157.8588165542233,125.0,872.4126211772073,125.0,1122.5811124365118
126.0,1164.0398377246347,126.0,556.8845881796906,126.0,1001.3389101655257,126.0,1120.9103104934939,126.0,1382.2701274196943,126.0,552.0570100668074,126.0,983.660882207404,126.0,1070.4090542365002,126.0,1351.3433215630457,126.0,767.8769738297533,126.0,1264.1774773957004,126.0,659.9447161204271,126.0,618.4970185770353,126.0,1556.2531324391548,126.0,1510.0364818595663,126.0,1417.4498270445984,126.0,504.6915204871748,126.0,1098.9413012441646,126.0,790.0624397722167,126.0,1075.2719473113302
127.0,950.7171361764376,127.0,491.0093286821675,127.0,946.8156917607093,127.0,1258.093933401573,127.0,1485.8456170142708,127.0,702.6104966878729,127.0,896.8449733931966,127.0,1022.2802228583996,127.0,1489.9167933266408,127.0,921.1874377278164,127.0,1220.9887753529974,127.0,554.8292594895156,127.0,771.6855910790873,127.0,1466.396100940773,127.0,1436.0107776220993,127.0,1366.5491813339822,127.0,665.120963330648,127.0,1039.1648948674447,127.0,730.6345069012532,127.0,1219.9339055430673
128.0,1087.0842233278145,128.0,424.1785231887143,128.0,891.444233222338,128.0,1204.7917153851058,128.0,1416.3720452417256,128.0,849.232995119407,128.0,1041.8459237871866,128.0,1167.901780326416,128.0,1445.6987587170406,128.0,1070.189625398516,128.0,1176.9951412931268,128.0,712.6737914625664,128.0,717.6505637369928,128.0,1556.253132439154,128.0,1381.8458170209342,128.0,1314.8597950920594,128.0,614.5343414720865,128.0,978.5187509129746,128.0,670.3140373796914,128.0,1360.5647563886132
129.0,1027.2621737527306,129.0,571.4393377568831,129.0,835.2153203718353,129.0,1150.6737618990237,129.0,1373.0031437701964,129.0,992.0387296369345,129.0,1182.9610214617796,129.0,1309.4798203164519,129.0,1581.103119309274,129.0,1170.7616497965855,129.0,1321.4960742347648,129.0,866.1156044609552,129.0,662.7413715768871,129.0,1685.1691879595082,129.0,1326.8771994864073,129.0,1407.2533442351269,129.0,563.0608069121736,129.0,916.991836340937,129.0,815.7606042705684,129.0,1497.2921605243582
130.0,966.5692018205282,130.0,715.0713388766708,130.0,979.1783484765374,130.0,1286.245875526256,130.0,1511.6300653273956,130.0,757.0803624996606,130.0,1130.9616911007897,130.0,1045.7517243667517,130.0,1601.8666302073634,130.0,1096.2145752554816,130.0,1227.6426248385624,130.0,815.4756094193799,130.0,813.6905728271995,130.0,1729.9291104863432,130.0,1455.788593602315,130.0,1355.645127412342,130.0,510.6933930731275,130.0,1053.0937057825076,130.0,755.6860645016868,130.0,1023.4038624912037
131.0,1101.8412048184846,131.0,855.1721762238567,131.0,923.1305861361852,131.0,1232.3202738775672,131.0,1646.337444553902,131.0,699.0628654192587,131.0,1078.1433393086318,131.0,997.6299682498084,131.0,1533.0993488345985,131.0,1240.177144602687,131.0,1370.4120757867431,131.0,965.5062755797308,131.0,960.5859245931906,131.0,1620.1590897945953,131.0,1581.4412549561657,131.0,1486.8703365843976,131.0,457.4248683969181,131.0,991.8735169417987,131.0,694.7175002191852,131.0,977.0193737660456
132.0,1041.446866159049,132.0,791.212412467914,132.0,1064.3598568700381,132.0,1136.9487284235665,132.0,1603.5965009792726,132.0,640.1566746918888,132.0,1217.3770964714658,132.0,948.6763948420912,132.0,1666.3309673215772,132.0,863.2670923884089,132.0,1509.1269729131081,132.0,1111.4005708576515,132.0,906.7614318576407,132.0,1707.4423319152884,132.0,1312.8857507754656,132.0,1500.7110290622804,132.0,433.4890409096281,132.0,1125.7931844813302,132.0,632.0782898196676,132.0,1125.821454997329
133.0,1174.529012282399,133.0,929.1101007806565,133.0,1008.5064453848227,133.0,1272.2702000409417,133.0,1735.2087892129503,133.0,580.3517760760715,133.0,1352.928584707358,133.0,1095.933947528797,133.0,1622.8305164205713,133.0,1015.0796628041962,133.0,1383.6930070292437,133.0,1253.2876599689907,133.0,852.0863630406775,133.0,1413.174277518633,133.0,1442.8414178617413,133.0,997.5459159769462,133.0,563.4866969254026,133.0,1064.8837736163705,133.0,569.2866711261568,133.0,1270.4114079658957
134.0,1279.5059877569056,134.0,865.4820365848464,134.0,951.8056375784918,134.0,1217.633405422176,134.0,1669.8601803213141,134.0,519.637947740267,134.0,1170.3558574087583,134.0,1046.977060389495,134.0,1578.5875017975359,134.0,1162.5901253966076,134.0,1313.3109619000734,134.0,1015.2266960837715,134.0,996.9987351324135,134.0,1547.4274604942466,134.0,1388.6976281011157,134.0,945.3268095085168,134.0,509.32847349518124,134.0,1196.687057598001,134.0,505.56804770148756,134.0,1224.691530642498
135.0,852.2265478961644,135.0,1001.2418249469938,135.0,1091.4513567322902,135.0,1350.4847940135742,135.0,1776.0986922518932,135.0,458.00475929704317,135.0,1117.6009022675744,135.0,1190.9815869499635,135.0,1533.5956008278836,135.0,1116.0989221747723,135.0,1270.055808481151,135.0,965.4386548396469,135.0,1138.0709473884135,135.0,1601.9412986577026,135.0,1333.7508956874572,135.0,892.2656988335675,135.0,666.0783233347893,135.0,1325.2670373664996,135.0,440.91104917126995,135.0,1129.1901162668319
136.0,792.2624746690753,136.0,937.9483703209453,136.0,1227.4980603853846,136.0,1479.9293333174282,136.0,1709.9520666881544,136.0,395.4415707367398,136.0,1255.590593083306,136.0,1331.0256479901218,136.0,1665.3461030833732,136.0,1068.792308049191,136.0,1226.0038858060052,136.0,914.8142407922269,136.0,1266.0312585021766,136.0,1532.1753069923825,136.0,1462.4559493189317,136.0,838.3542107511539,136.0,611.9665471116768,136.0,1365.7082116361034,136.0,589.7352480385734,136.0,1081.8784803729495
137.0,934.0177060817086,137.0,873.7485343088347,137.0,1059.8722339118767,137.0,1461.3761572306603,137.0,1804.3581684278515,137.0,331.9375312631364,137.0,1389.9414586261364,137.0,968.9018036429388,137.0,1751.8729742745,137.0,1213.6709110016118,137.0,1181.1498941389482,137.0,1061.5755338536428,137.0,1190.0290834803855,137.0,1645.0879959373988,137.0,1552.378933752192,137.0,984.4611730017004,137.0,556.9668598715034,137.0,869.2329590760828,137.0,734.8256289830479,137.0,1226.3196748739383
138.0,1072.1780426276782,138.0,808.6303630563871,138.0,1003.302736082921,138.0,1567.9558290697541,138.0,1864.3832761458862,138.0,291.8410736438828,138.0,1091.8111407102233,138.0,1116.3048001709358,138.0,1665.3461030833732,138.0,1166.339268557529,138.0,1324.6834530194656,138.0,1204.320729746798,138.0,1136.5867869113126,138.0,1556.7432565130057,138.0,1317.8303011515081,138.0,1126.664550727597,138.0,528.3162592503749,138.0,807.9482610484374,138.0,671.6932258387733,138.0,1366.7380345743768
139.0,838.8482343365904,139.0,944.8202778242521,139.0,1141.3712593589707,139.0,1635.5591103104362,139.0,1754.9437868508357,139.0,377.4068553875295,139.0,994.0476194030043,139.0,1068.167589394684,139.0,1620.3806025655385,139.0,1307.9691255772277,139.0,1279.751225365866,139.0,1154.6137367223737,139.0,1273.2811943001616,139.0,1687.0249121812521,139.0,1447.636252644911,139.0,1265.0812793973128,139.0,511.1809580064003,139.0,745.7657280042504,139.0,607.6392741023647,139.0,1240.837987301913
140.0,756.14251923557,140.0,1077.7276460732419,140.0,1085.0234644404454,140.0,1525.9818834503485,140.0,1642.969306352752,140.0,529.5794631070448,140.0,1135.9460902565688,140.0,1019.2087884940611,140.0,1574.671520202578,140.0,1445.6809989843214,140.0,1234.0266847511102,140.0,1294.3331386050222,140.0,1406.4011341677833,140.0,1599.3940914093519,140.0,1537.8072992299585,140.0,1118.6053536337995,140.0,600.6124460852097,140.0,886.9014812494479,140.0,542.6521716739135,140.0,1380.7736810871238
141.0,696.624674358186,141.0,1207.4382448013985,141.0,1027.8328724688108,141.0,1521.9855704546935,141.0,1774.7416262289526,141.0,466.46417765645856,141.0,1083.1355299028974,141.0,1164.1295302201797,141.0,1528.211935491764,141.0,1094.9038474316003,141.0,1374.972133620955,141.0,1388.069176663923,141.0,1169.8034089918747,141.0,1728.2894727579314,141.0,1559.8242052406094,141.0,1257.2776712219065,141.0,752.7545628122252,141.0,1024.516507596346,141.0,687.7845382660071,141.0,1408.1801102682612
142.0,636.2106246637322,142.0,673.7526870301899,142.0,969.7894496783538,142.0,1409.54237920192,142.0,1902.788302112177,142.0,402.41121169703456,142.0,1222.2116678819248,142.0,1115.1868675147307,142.0,1617.0342515522734,142.0,1239.7190649733775,142.0,1466.359481599965,142.0,1498.1479713899216,142.0,1283.74792494748,142.0,1682.6606702408917,142.0,1486.6139978568435,142.0,1392.2672838937779,142.0,697.0735796632634,142.0,1158.707100219559,142.0,583.1430165376114,142.0,1336.569593020793
143.0,782.6953272485362,143.0,815.0539042709697,143.0,1107.5344144521177,143.0,1539.0946255220815,143.0,1862.1577949760076,143.0,553.0983788874391,143.0,1357.6110504174367,143.0,1256.9498680810684,143.0,1570.60739856704,143.0,1380.4737452800155,143.0,1249.1618142038405,143.0,1605.93679744376,143.0,1208.5672369123795,143.0,1808.865183779204,143.0,1612.5456830181565,143.0,1285.7731857023737,143.0,846.1390593454944,143.0,997.6383333226713,143.0,687.7845382660071,143.0,1290.0283292350887
144.0,925.4277272477757,144.0,750.9189441739427,144.0,1241.7808083275659,144.0,1487.780355329759,144.0,1945.3902983496646,144.0,489.32560349770483,144.0,950.2555160990851,144.0,1394.8347147073491,144.0,1523.4284097762675,144.0,1334.7161615901232,144.0,1203.4535576814078,144.0,1535.571470396052,144.0,1156.6056212303474,144.0,1931.672939540039,144.0,1523.646955216238,144.0,1210.9403424712273,144.0,790.5950428523638,144.0,1132.6202563137913,144.0,829.3205413586011,144.0,1428.3332343658967
145.0,866.3854933072971,145.0,889.9810928419365,145.0,1082.0918769004857,145.0,1435.68812563777,145.0,1931.6784937728407,145.0,637.407026183053,145.0,897.1996575724143,145.0,1273.2489423384186,145.0,1475.489895371452,145.0,1288.174942951263,145.0,1156.942274747722,145.0,1642.476276109398,145.0,1103.828065290335,145.0,1696.2595851184642,145.0,1470.3802183314583,145.0,1159.7217636567275,145.0,734.1817414951502,145.0,1264.245674069076,145.0,765.8929760909496,145.0,1367.7142453192146
146.0,1006.5829579771398,146.0,826.1760649924909,146.0,1024.215640659736,146.0,1563.7937897946185,146.0,1867.6149501389446,146.0,573.9224726335269,146.0,1042.1892435313448,146.0,1386.7283634690457,146.0,1606.3092474486848,146.0,1426.5411650221931,146.0,1109.6216981629323,146.0,1572.4737395226375,146.0,1050.225902035364,146.0,1822.6979866642587,146.0,1416.322991003939,146.0,1107.689751996616,146.0,676.8898466230412,146.0,1036.7710925258516,146.0,905.148690705555,146.0,1503.4580036464486
147.0,947.7925824476488,147.0,963.0659360588743,147.0,965.4820314243134,147.0,1688.5997545144883,147.0,1981.737723046851,147.0,509.506511407526,147.0,1183.293381462775,147.0,1314.5678029530072,147.0,1558.4713503265548,147.0,1334.475964652931,147.0,1253.1371890450218,147.0,1648.6287517769624,147.0,1189.6230249927994,147.0,1943.4908912888186,147.0,1361.4656920257585,147.0,1054.8359037156551,147.0,618.7098389627809,147.0,1171.223465025998,147.0,842.0412597106597,147.0,1314.5850087685612
148.0,888.1325710271485,148.0,1096.6202360531697,148.0,1102.698120963887,148.0,1421.5952465193177,148.0,1908.6280219122264,148.0,444.14755333831727,148.0,1131.2945291761826,148.0,1267.2404119214743,148.0,1646.7871637425897,148.0,1471.3133711582877,148.0,1392.6644718542611,148.0,1753.1696976912026,148.0,1325.3521485560314,148.0,2025.3619860367398,148.0,1489.3399239451583,148.0,1194.8063906250418,148.0,559.6319881592999,148.0,1302.3197223323814,148.0,979.0857745679059,148.0,1267.2576210755205
149.0,1027.0087613939004,149.0,1086.910644746159,149.0,1236.450862084852,149.0,1369.3425252441775,149.0,1991.082675054441,149.0,377.8338053433972,149.0,1269.5644991055497,149.0,1219.1196067522178,149.0,1772.8135174289055,149.0,1555.3916505808093,149.0,1346.1268173651515,149.0,1855.5430491042325,149.0,1457.5209554844378,149.0,1958.486652030334,149.0,1434.7282386203533,149.0,1331.06880218704,149.0,499.64635219722004,149.0,1330.8741413635607,149.0,1112.7737974118954,149.0,1219.1368216220262
150.0,967.6167754658645,150.0,708.7584607176677,150.0,1065.0201411351954,150.0,1499.4884629151484,150.0,2113.247814837706,150.0,527.1339607367745,150.0,1217.6999256652562,150.0,1358.241180954009,150.0,1277.8752718393152,150.0,1485.1777279889366,150.0,1475.6055648277652,150.0,1788.2706875064423,150.0,1571.3599012603972,150.0,2018.883537006538,150.0,1560.4150740988898,150.0,1279.312350401431,150.0,438.7427767069785,150.0,1253.5010230352527,150.0,874.1064384540205,150.0,1170.2154977225791
151.0,1104.121301772454,151.0,644.8470544892934,151.0,1006.4206966040574,151.0,1447.4258481683491,151.0,1934.8612917178798,151.0,461.14045182690006,151.0,1165.0266661768383,151.0,1310.1628602423443,151.0,1415.8238520576742,151.0,1438.6670752460968,151.0,1466.0913814520163,151.0,1680.0147435179406,151.0,1676.252086138893,151.0,2116.1311607982598,151.0,1506.055338300429,151.0,1412.9198113546736,151.0,591.2887006810506,151.0,1195.572053974748,151.0,810.8664748990395,151.0,1310.1795214341983
152.0,1045.004144457449,152.0,787.6418178601934,152.0,946.9576578916567,152.0,1394.5775738804732,152.0,1851.4495464041875,152.0,607.9926831907142,152.0,1301.5263116050655,152.0,1261.2962039352797,152.0,1549.9903445270074,152.0,1346.8083019168434,152.0,1575.6058868105847,152.0,1632.9594154857205,152.0,1779.00063485587,152.0,2052.6085329290727,152.0,1450.9004983184232,152.0,1361.3232526489828,152.0,530.6017417768817,152.0,1325.9503127320204,152.0,746.7134221735951,152.0,1261.3128773426097
153.0,985.0226882395291,153.0,926.8974795679778,153.0,886.6203896125035,153.0,1523.3094218477227,153.0,1766.6178301877671,153.0,751.2113379730627,153.0,1434.438943190382,153.0,1398.3010734990748,153.0,1680.4919833826889,153.0,1298.7232964961522,153.0,1682.8149615349357,153.0,1585.158199537219,153.0,1709.5114944249908,153.0,1949.7294419492773,153.0,1394.9405909796615,153.0,1308.934606677457,153.0,468.996624383758,153.0,1453.087437189136,153.0,681.6354832906945,153.0,1398.3172073013884
154.0,1120.376571254119,154.0,864.5194258581796,154.0,1024.887365363762,154.0,1470.6696505165373,154.0,1894.9391935793838,154.0,890.8947261298144,154.0,1382.8874557885429,154.0,1349.5103524034957,154.0,1543.4397994009087,154.0,1249.8484439454696,154.0,1614.4748857126588,154.0,1536.6033532335068,154.0,1774.8223740629528,154.0,2069.2945149069255,154.0,1520.6323491014764,154.0,1440.9479905248982,154.0,619.8594711819896,154.0,1396.5427586042097,154.0,615.6206651179773,154.0,1531.6162177065626
155.0,1252.3619772903721,155.0,1001.5302589111443,155.0,964.8311245688037,155.0,1379.3556772693992,155.0,1977.6229796307507,155.0,779.2962204127643,155.0,1330.546321169585,155.0,1299.935095461833,155.0,1453.3646384291205,155.0,1387.2239815568637,155.0,1545.1560257101382,155.0,1664.8034070869826,155.0,1875.5688600091407,155.0,2149.0598231287368,155.0,1464.9439003507014,155.0,1569.5288867070685,155.0,558.4930284214215,155.0,1521.6115873732015,155.0,548.6567761504857,155.0,1486.899869397139
156.0,1381.0707452183033,156.0,939.4668239418115,156.0,903.8977191515796,156.0,1470.6696505165373,156.0,1784.560198721273,156.0,918.1618810768923,156.0,1461.8905323494655,156.0,1249.567445449863,156.0,1406.0931825572288,156.0,1520.88081124596,156.0,1676.5263695002686,156.0,1789.6109809297932,156.0,1807.3681019049027,156.0,1999.0630600007707,156.0,1408.4472004008567,156.0,1418.8510219559867,156.0,706.6249138909388,156.0,1643.5935835637201,156.0,691.6626823945589,156.0,1415.3651988232832
157.0,1166.5948539279916,157.0,876.5082951629465,157.0,842.0761209837383,157.0,1379.3556772693992,157.0,1715.1986144247749,157.0,855.1106181131236,157.0,1409.7341225149694,157.0,1385.506055903652,157.0,1539.8539002423486,157.0,1650.932278384862,157.0,1593.0817826449957,157.0,1596.541439980011,157.0,1738.1766797933888,157.0,1916.7442619995045,157.0,1351.1319360794114,157.0,1527.2815714013313,157.0,850.96895238869,157.0,1738.7047294812328,157.0,831.1908093743077,157.0,1548.8248988094228
158.0,1087.4124393303537,158.0,1012.5558051570679,158.0,980.3729062350249,158.0,1325.019713513977,158.0,1673.9437136516026,158.0,991.7768018474071,158.0,1356.787935306127,158.0,1335.2547333916255,158.0,1492.6466487980579,158.0,1281.338385155187,158.0,1700.1944411298027,158.0,1723.5050680309114,158.0,1823.4844633087077,158.0,2037.3716175263444,158.0,1257.7829967056095,158.0,1454.8913364279524,158.0,991.6322024316096,158.0,1666.4274570495636,158.0,765.8675757563615,158.0,1678.6660524538993
159.0,1221.6222807783106,159.0,1145.278175372091,159.0,918.8534696254483,159.0,1231.2262492581085,159.0,1760.326672195616,159.0,890.4347761342187,159.0,1486.6756724976185,159.0,1284.2133771531044,159.0,1444.675951680305,159.0,1419.173234350842,159.0,1632.3462264204518,159.0,1636.4952720276278,159.0,1905.8020741332657,159.0,2117.671272893692,159.0,1162.8449192888038,159.0,1404.0609995781842,159.0,703.6175379258821,159.0,1495.4490396911742,159.0,699.6097586453861,159.0,1590.892933525447
160.0,1164.208259371384,160.0,1083.8546457503799,160.0,1054.9009453471663,160.0,1175.1418918419595,160.0,1673.9437136516026,160.0,1026.0801250689246,160.0,1613.2209920587102,160.0,1232.3736198063734,160.0,1576.4833827824823,160.0,1553.2301688054458,160.0,1673.0726832616947,160.0,1548.0042532287753,160.0,1968.7159152965605,160.0,2233.081421615445,160.0,1292.9876195939805,160.0,1311.6131051326984,160.0,848.7595246328028,160.0,1439.0773274212606,160.0,838.301126106644,160.0,1700.8789809727177
161.0,1296.126975596546,161.0,1021.5500233020666,161.0,1187.5908787321077,161.0,1269.874134177312,161.0,1804.6660685810193,161.0,1087.2885461432797,161.0,1304.210123562968,161.0,1179.726901018008,161.0,1528.6069311141646,161.0,1619.474723891546,161.0,1604.9695404632776,161.0,1636.4952720276278,161.0,1901.763199525466,161.0,2310.1051533120253,161.0,1385.7472800710138,161.0,1404.0609995781842,161.0,990.174785723656,161.0,1562.9053998827603,161.0,772.3997363801509,161.0,1631.7650107364034
162.0,1238.978807650169,162.0,1153.4283179025124,162.0,1236.4354610134906,162.0,1213.9092162213474,162.0,1698.5738186230628,162.0,531.8358079870077,162.0,1251.0097591682852,162.0,1274.3823963546074,162.0,1479.9699556300466,162.0,1725.3168408325928,162.0,1560.7265745978284,162.0,1548.0042532287753,162.0,1833.8377335419236,162.0,2240.097913261963,162.0,1510.5631771826884,162.0,1352.4462534469667,162.0,709.6121209025332,162.0,1506.817975355737,162.0,705.5583723575946,162.0,1758.9349548230284
163.0,1368.6796900619747,163.0,1091.4546081043727,163.0,811.045079275883,163.0,1345.5922875900023,163.0,1611.1396021908013,163.0,678.6483944024976,163.0,1196.9988353849021,163.0,1367.453483699056,163.0,1430.564603505034,163.0,1828.9453906820754,163.0,1692.304353857111,163.0,1458.0067958417521,163.0,1952.767679716154,163.0,2333.2059546289993,163.0,1306.0525698894307,163.0,1483.7709921175037,163.0,767.2530936593357,163.0,1416.119377908025,163.0,843.4827074488567,163.0,1532.2039564537208
164.0,1489.285818105198,164.0,1221.3386872049114,164.0,856.2322664472867,164.0,1473.9421408356066,164.0,1743.2404849271734,164.0,821.7740352512155,164.0,1331.1415326231518,164.0,1458.96668394881,164.0,1561.4482052331841,164.0,1762.0120550899846,164.0,1584.2924707646234,164.0,1407.8701899233956,164.0,1807.2354205602287,164.0,2388.537360233354,164.0,1247.7201901364015,164.0,1611.6685514784813,164.0,888.6392832539977,164.0,1540.0544196479323,164.0,777.0062129148919,164.0,1484.990117402922
165.0,1413.946095290712,165.0,1348.0893966947306,165.0,795.5852020309967,165.0,1563.6728615912689,165.0,1656.5666574093884,165.0,736.8297296459359,165.0,1461.815769924323,165.0,1287.936746707257,165.0,1512.1737257106406,165.0,1694.1174326272476,165.0,1715.0912926305482,165.0,1315.4871417346658,165.0,1926.9850452868523,165.0,2292.3067427542583,165.0,1375.9775479011905,165.0,1521.440441929476,165.0,1007.5326151428508,165.0,1483.3047540242133,165.0,709.5840245187892,165.0,1437.0118514676797
166.0,1357.245412595872,166.0,1348.1616683074608,166.0,936.5657934879955,166.0,1176.4224698650123,166.0,1613.8210618754538,166.0,878.2298737017545,166.0,1589.1210347407177,166.0,1043.8233891730106,166.0,1462.1325031557008,166.0,1820.6252722131885,166.0,1800.4596611777606,166.0,1407.8701899233956,166.0,1688.9111066155074,166.0,2193.897543693244,166.0,1317.9388914133915,166.0,1470.0840598466602,166.0,927.8994084708611,166.0,1392.205876136445,166.0,846.8074818926971,166.0,1569.0654549442952
167.0,1299.7211070271187,167.0,1269.6714443346073,167.0,1073.99517367917,167.0,1310.5335174812117,167.0,1524.9440456545672,167.0,816.3097390940957,167.0,1314.8836494947818,167.0,1186.3782327102217,167.0,1564.7285835783996,167.0,1652.045750635175,167.0,1733.5632844218053,167.0,1498.7068678842897,167.0,1775.0435307668868,167.0,2250.6575078814976,167.0,1259.0629559988638,167.0,1417.9477669187263,167.0,1048.715174172975,167.0,1299.5561644256295,167.0,980.7623133231236,167.0,1521.1798240641783
168.0,1427.043138366611,168.0,1395.5979097665731,168.0,781.806127961785,168.0,1256.0008527676755,168.0,1613.8210618754538,168.0,955.3641491619328,168.0,1261.7076586642052,168.0,1135.8880777778795,168.0,1691.3913240619086,168.0,1606.356463569632,168.0,1689.3428993012158,168.0,1583.5889241417626,168.0,1688.9111066155065,168.0,2306.628078994124,168.0,1199.338901754174,168.0,1365.0225969393387,168.0,969.5079224290766,168.0,1425.7389266058626,168.0,915.0184506839569,168.0,1472.5327550885158
169.0,1369.805321405188,169.0,1172.8207063154905,169.0,923.8765902587284,169.0,1200.6512483665883,169.0,1570.3312794693848,169.0,1090.9648774250581,169.0,1394.5195131370783,169.0,1275.4683247467165,169.0,1588.9276328913766,169.0,1735.026059613031,169.0,1601.7515390903045,169.0,1688.7705944997952,169.0,1601.3123957245753,169.0,2208.237427841779,169.0,1327.8424196030865,169.0,1311.2994040630929,169.0,913.4392463449458,169.0,1367.3462901896864,169.0,1047.069644274451,169.0,1423.116405425938
170.0,1311.740283270893,170.0,1111.5248847277617,170.0,864.1385074921909,170.0,1144.4750134977658,170.0,1526.0913359296637,170.0,852.2986451479692,170.0,1523.889880288125,170.0,1225.0712086063513,170.0,1476.6712931687116,170.0,1600.452480513747,170.0,1512.669055748448,170.0,1791.7888804666163,170.0,1688.9111066155065,170.0,2264.5311686883724,170.0,1268.4289708244378,170.0,1256.7688617913973,170.0,1054.968969067897,170.0,1491.5804494137274,170.0,981.692855470691,170.0,1554.235769150253
171.0,1438.136883096041,171.0,1049.3506370778277,171.0,803.5176968006936,171.0,1278.2517808890525,171.0,1658.8170493413172,171.0,751.0601719844335,171.0,1633.44920114265,171.0,1361.791611463801,171.0,1385.4594896807912,171.0,1554.012160466912,171.0,1601.7515390903045,171.0,1892.6897477900811,171.0,1601.3123957245753,171.0,2357.6070740783307,171.0,1394.9456500575725,171.0,1201.4214618769238,171.0,999.0932385252218,171.0,1400.62245392338,171.0,915.3898318391966,171.0,1504.948936604802
172.0,1561.4346599265527,172.0,986.2864004721177,172.0,784.7398094445995,172.0,1408.6260766204405,172.0,1787.8678425347716,172.0,893.3744991230687,172.0,1756.7342513107606,172.0,1388.019551895096,172.0,1517.7731443471484,172.0,1506.8175664498922,172.0,1512.669055748448,172.0,1986.6033072387163,172.0,1688.9111066155065,172.0,2407.04473548066,172.0,1518.3893222102206,172.0,1334.118714118379,172.0,1137.9752650516248,172.0,1341.5491987044315,172.0,1046.8820384082464,172.0,1454.8945134464166
173.0,1420.0619505300974,173.0,1118.5921753088633,173.0,883.9143759859371,173.0,1535.693384805405,173.0,1281.4535801939464,173.0,832.8520031648477,173.0,1778.6201174918278,173.0,1308.6642639148704,173.0,1646.568728150517,173.0,1458.86133632372,173.0,1466.171479291197,173.0,1915.4027358319827,173.0,1775.0435307668859,173.0,2455.789525429026,173.0,1161.1662516713423,173.0,1463.4318900822336,173.0,1273.2652110375038,173.0,1248.037126330717,173.0,980.9523757253028,173.0,1544.9440663307314
174.0,1362.2142835010836,174.0,1247.7047451205663,174.0,822.6823008073334,174.0,1316.917272904123,174.0,1237.3892253960848,174.0,972.7195670014271,174.0,1874.2019068691488,174.0,1443.4254626899074,174.0,1363.8530643145923,174.0,1410.135912591104,174.0,1374.7809308299638,174.0,1843.1301165752602,174.0,1631.3235794839538,174.0,2540.2116424625674,174.0,1101.0183423302715,174.0,1553.3385385559204,174.0,794.3515359263392,174.0,1341.5491987044315,174.0,914.0901054879123,174.0,1494.9645682228002
175.0,1269.054005937599,175.0,1186.1958694482864,175.0,760.5538789527191,175.0,1446.7508654287358,175.0,1192.524635593947,175.0,1109.0723091394857,175.0,1967.9531445029215,175.0,1393.9675966264303,175.0,1314.294099504461,175.0,1500.934665346599,175.0,1466.171479291197,175.0,1569.065950803485,175.0,1582.176505299818,175.0,2478.3624605260884,175.0,1232.3667823266842,175.0,1398.2191272886193,175.0,940.3371513951843,175.0,1433.4960024764168,175.0,846.2824678421111,175.0,1404.0641827275704
176.0,1396.1167831289968,176.0,1313.3929720162623,176.0,697.5178995678725,176.0,1333.6087171373838,176.0,1146.8542129289244,176.0,1242.0073033074405,176.0,2059.909430526479,176.0,1343.728898608706,176.0,1263.9445282078013,176.0,1630.9401235467476,176.0,1556.0322706593615,176.0,1669.908462349379,176.0,1492.7607837755213,176.0,2378.370991795983,176.0,1360.4906838535835,176.0,1343.9391891057403,176.0,884.9538109244531,176.0,1555.8382924780753,176.0,895.3707871401201,176.0,1494.9645682228002
177.0,1337.5887084971846,177.0,1252.2191527457053,177.0,839.4206391147372,177.0,1462.9373123389587,177.0,1100.3721042647394,177.0,1189.9102284655764,177.0,2150.10566001579,177.0,1476.6773386984378,177.0,1212.7962729525343,177.0,1583.136054499495,177.0,1489.129097392457,177.0,1768.7892034225797,177.0,1401.822881863638,177.0,2427.265146454617,177.0,1248.771816223979,177.0,1472.955576204744,177.0,1028.0915407909042,177.0,1342.9670967225584,177.0,866.3305145873312,177.0,1444.2137911685268
178.0,1278.2201294169327,178.0,1190.1747460150582,178.0,977.7954410501761,178.0,1392.1994749191326,178.0,1053.072204603097,178.0,1105.7436223640225,178.0,2066.368748471049,178.0,1577.781496544656,178.0,1349.1945974066484,178.0,1671.039013339293,178.0,1398.1293709860447,178.0,1695.1304168269507,178.0,1309.3368865245711,178.0,2475.472895234113,178.0,1189.00219742851,178.0,1418.9065430310402,178.0,972.8782385567893,178.0,1174.8066222470934,178.0,838.2321282810594,178.0,1352.4494430930044
179.0,1404.4560632086295,179.0,1127.248072619831,179.0,916.2656113576231,179.0,1337.2639731643985,179.0,1198.4769034024184,179.0,1047.2819745898141,179.0,1995.7936373605935,179.0,1677.812353193277,179.0,1481.9701998367773,179.0,1583.136054499495,179.0,1350.077404745607,179.0,1620.3695204752576,179.0,1215.2764435846611,179.0,2374.9549002441727,179.0,1128.3724371365688,179.0,1545.6650265950748,179.0,916.8168246589112,179.0,1115.3298168837127,179.0,988.4639793138074,179.0,1300.041608273964
