hull_id,engine_id,propeller_id,NPV
1,1,1,164890824.04615718
1,2,1,259055036.48793599
1,3,1,270008102.57142574
1,4,1,250406120.82693437
1,1,2,166494341.66218942
1,2,2,260130325.82743943
1,3,2,273046901.01453441
1,4,2,253961688.49798036
1,1,3,171338268.84806684
1,2,3,260227911.84239775
1,3,3,272730086.46142948
1,4,3,256166341.3048189
1,1,4,182147718.66824132
1,2,4,264340489.08100224
1,3,4,271247211.0214383
1,4,4,254010132.97444764
1,1,5,187995008.97806877
1,2,5,265334221.96046883
1,3,5,266524310.44450954
1,4,5,253797826.07876068
1,1,6,195334014.92620438
1,2,6,269872119.02789521
1,3,6,266891541.47493842
1,4,6,250681914.22452399
1,1,7,203634206.62107551
1,2,7,269359195.83218771
1,3,7,270024968.68025857
1,4,7,248457183.63405991
1,1,8,159723665.87885714
1,2,8,259055036.48793599
1,3,8,270008102.57142574
1,4,8,250396784.44814712
1,1,9,166494341.66218942
1,2,9,260130325.82743943
1,3,9,273046901.01453441
1,4,9,253961688.49798036
1,1,10,171298177.84990177
1,2,10,260227911.84239775
1,3,10,272730086.46142948
1,4,10,256166341.3048189
1,1,11,182147718.66824132
1,2,11,264340489.08100224
1,3,11,271247211.0214383
1,4,11,254010132.97444764
1,1,12,188790070.02452388
1,2,12,265334221.96046883
1,3,12,266524310.44450954
1,4,12,253797826.07876068
1,1,13,195334014.92620438
1,2,13,268394572.3666563
1,3,13,266891541.47493842
1,4,13,252626362.36925155
1,1,14,198373131.12317148
1,2,14,269359195.83218771
1,3,14,270024968.68025857
1,4,14,248508242.69600013
1,1,15,159392410.3734301
1,2,15,271822771.28922713
1,3,15,270008102.57142574
1,4,15,249563652.54216456
1,1,16,166334176.53165847
1,2,16,259447631.43530267
1,3,16,272959272.77927315
1,4,16,253961688.49798036
1,1,17,172500403.35102177
1,2,17,260227911.84239775
1,3,17,272730086.46142948
1,4,17,249349310.25406235
1,1,18,178160513.81981054
1,2,18,264340489.08100224
1,3,18,271247211.0214383
1,4,18,254010132.97444764
1,1,19,188790070.02452388
1,2,19,265334221.96046883
1,3,19,266524310.44450954
1,4,19,253797826.07876068
1,1,20,190658065.39093062
1,2,20,268394572.3666563
1,3,20,265641981.08205786
1,4,20,252626362.36925155
1,1,21,194550163.80799574
1,2,21,269359195.83218771
1,3,21,270024968.68025857
1,4,21,248508242.69600013
1,1,22,160179600.98766646
1,2,22,271822771.28922713
1,3,22,270008102.57142574
1,4,22,249563652.54216456
1,1,23,168716101.56123182
1,2,23,259447631.43530267
1,3,23,272959272.77927315
1,4,23,253961688.49798036
1,1,24,173360848.89195579
1,2,24,260227911.84239775
1,3,24,272730086.46142948
1,4,24,249349310.25406235
1,1,25,172371295.07971114
1,2,25,264340489.08100224
1,3,25,271247211.0214383
1,4,25,254010132.97444764
1,1,26,179281897.1063804
1,2,26,265334221.96046883
1,3,26,266524310.44450954
1,4,26,253797826.07876068
1,1,27,197227125.13949957
1,2,27,268394572.3666563
1,3,27,265641981.08205786
1,4,27,252626362.36925155
1,1,28,195363703.53830853
1,2,28,269359195.83218771
1,3,28,270024968.68025857
1,4,28,248508242.69600013
1,1,29,154467133.74454272
1,2,29,268706652.39433414
1,3,29,270008102.57142574
1,4,29,249563652.54216456
1,1,30,164710046.04331958
1,2,30,260035908.42731234
1,3,30,272959272.77927315
1,4,30,253929975.52475297
1,1,31,167633879.67123947
1,2,31,260227911.84239775
1,3,31,272730086.46142948
1,4,31,249349310.25406235
1,1,32,180112956.5545691
1,2,32,264340489.08100224
1,3,32,271247211.0214383
1,4,32,254010132.97444764
1,1,33,186865189.49867514
1,2,33,265863263.36655223
1,3,33,272361367.05056667
1,4,33,253797826.07876068
1,1,34,187995301.69146839
1,2,34,268394572.3666563
1,3,34,265641981.08205786
1,4,34,252626362.36925155
1,1,35,195332924.37709141
1,2,35,269359195.83218771
1,3,35,270024968.68025857
1,4,35,248508242.69600013
1,1,36,156674789.90656355
1,2,36,268706652.39433414
1,3,36,270008102.57142574
1,4,36,249513314.90188792
1,1,37,159242103.16508538
1,2,37,260035908.42731234
1,3,37,272959272.77927315
1,4,37,256130066.5586724
1,1,38,168486381.19210711
1,2,38,260227911.84239775
1,3,38,272730086.46142948
1,4,38,249349310.25406235
1,1,39,174421516.11446112
1,2,39,264340489.08100224
1,3,39,271247211.0214383
1,4,39,254010132.97444764
1,1,40,181232675.35488743
1,2,40,265863263.36655223
1,3,40,272361367.05056667
1,4,40,255919984.69352141
1,1,41,187940861.87410924
1,2,41,268394572.3666563
1,3,41,265641981.08205786
1,4,41,252595776.36932993
1,1,42,196455371.14405766
1,2,42,269359195.83218771
1,3,42,270024968.68025857
1,4,42,248508242.69600013
1,1,43,157574392.41114065
1,2,43,268706652.39433414
1,3,43,270008102.57142574
1,4,43,249513314.90188792
1,1,44,160772866.90579826
1,2,44,272172182.44715834
1,3,44,272959272.77927315
1,4,44,256130066.5586724
1,1,45,170627142.33213902
1,2,45,260790015.09774807
1,3,45,272730086.46142948
1,4,45,256166341.3048189
1,1,46,175256097.41021284
1,2,46,264886119.07475936
1,3,46,271247211.0214383
1,4,46,250974078.71767542
1,1,47,181232675.35488743
1,2,47,264420549.76138505
1,3,47,272361367.05056667
1,4,47,255919984.69352141
1,1,48,188740563.66789526
1,2,48,268468871.72507393
1,3,48,265641981.08205786
1,4,48,252595776.36932993
1,1,49,197231780.83389995
1,2,49,269359195.83218771
1,3,49,270024968.68025857
1,4,49,248508242.69600013
1,1,50,157574392.41114065
1,2,50,268706652.39433414
1,3,50,270008102.57142574
1,4,50,255862074.79641908
1,1,51,161542464.70969224
1,2,51,258449320.72960359
1,3,51,272959272.77927315
1,4,51,256130066.5586724
1,1,52,166440370.92778036
1,2,52,258677105.71133471
1,3,52,272730086.46142948
1,4,52,256166341.3048189
1,1,53,176506041.64883509
1,2,53,261710627.4530021
1,3,53,271247211.0214383
1,4,53,253240381.00709549
1,1,54,182049648.15794483
1,2,54,264420549.76138505
1,3,54,272361367.05056667
1,4,54,255919984.69352141
1,1,55,189904499.22016606
1,2,55,268468871.72507393
1,3,55,265641981.08205786
1,4,55,252595776.36932993
1,1,56,197231780.83389995
1,2,56,270254162.13668483
1,3,56,269486548.81293035
1,4,56,248508242.69600013
1,1,57,154625834.23600227
1,2,57,269681814.25840151
1,3,57,270008102.57142574
1,4,57,255862074.79641908
1,1,58,162430002.98257226
1,2,58,258526369.10430294
1,3,58,273046901.01453441
1,4,58,256130066.5586724
1,1,59,166268821.82919902
1,2,59,260207639.19991836
1,3,59,272187101.00860447
1,4,59,256166341.3048189
1,1,60,177417177.62431487
1,2,60,264294090.03760225
1,3,60,272348336.37374401
1,4,60,253240381.00709549
1,1,61,184066602.9076578
1,2,61,264420549.76138505
1,3,61,272361367.05056667
1,4,61,255919984.69352141
1,1,62,190697805.8447732
1,2,62,269362676.78678948
1,3,62,271481295.01695675
1,4,62,254762073.21546146
1,1,63,198290063.0107446
1,2,63,270767113.66451681
1,3,63,269486548.81293035
1,4,63,248508242.69600013
1,1,64,156796861.22872031
1,2,64,269681814.25840151
1,3,64,270008102.57142574
1,4,64,255862074.79641908
1,1,65,163685875.24529466
1,2,65,258526369.10430294
1,3,65,273046901.01453441
1,4,65,249928047.27526683
1,1,66,168497571.46902186
1,2,66,260207639.19991836
1,3,66,272187101.00860447
1,4,66,255362156.93207902
1,1,67,173224270.69863343
1,2,67,261298626.95845956
1,3,67,273851691.51093489
1,4,67,253240381.00709549
1,1,68,184148427.5793069
1,2,68,264420549.76138505
1,3,68,272361367.05056667
1,4,68,255919984.69352141
1,1,69,190778459.19632074
1,2,69,269362676.78678948
1,3,69,272698614.73064703
1,4,69,254762073.21546146
1,1,70,199058730.19223082
1,2,70,270767113.66451681
1,3,70,266278110.54769281
1,4,70,248508242.69600013
1,1,71,150120868.02110121
1,2,71,255910791.31745949
1,3,71,269433131.72827435
1,4,71,248868089.99838656
1,1,72,165585010.49933556
1,2,72,258526369.10430294
1,3,72,272488392.60157096
1,4,72,249133428.28073788
1,1,73,168497571.46902186
1,2,73,260207639.19991836
1,3,73,272187101.00860447
1,4,73,255362156.93207902
1,1,74,175317198.52742761
1,2,74,261298626.95845956
1,3,74,273337465.64356506
1,4,74,253240381.00709549
1,1,75,186007104.78263554
1,2,75,265357779.44120878
1,3,75,272361367.05056667
1,4,75,255919984.69352141
1,1,76,192579623.17496035
1,2,76,266350239.47860864
1,3,76,272698614.73064703
1,4,76,252845298.8585321
1,1,77,194472453.75701493
1,2,77,270767113.66451681
1,3,77,266278110.54769281
1,4,77,248457183.63405991
1,1,78,161542464.70969224
1,2,78,259081740.98063844
1,3,78,270968850.17747885
1,4,78,252018268.25616801
1,1,79,170627142.33213902
1,2,79,260095097.25257757
1,3,79,274699221.28995031
1,4,79,255611285.1781781
1,1,80,175256097.41021284
1,2,80,263380347.69123748
1,3,80,274457934.58920163
1,4,80,255870626.43589398
1,1,81,181232675.35488743
1,2,81,265254165.00024047
1,3,81,270876686.93301445
1,4,81,251764386.67792678
1,1,82,187940861.87410924
1,2,82,266940533.92716977
1,3,82,267770592.95414394
1,4,82,251699265.38621104
1,1,83,195332924.37709141
1,2,83,269359195.83218771
1,3,83,266891541.47493842
1,4,83,248426648.43196735
1,1,84,203688567.37267539
1,2,84,272173663.11315149
1,3,84,268044717.75172499
1,4,84,250687650.19657859
1,1,85,161542464.70969224
1,2,85,259081740.98063844
1,3,85,269715268.86336309
1,4,85,252018268.25616801
1,1,86,166440370.92778036
1,2,86,260095097.25257757
1,3,86,273588985.78511423
1,4,86,255611285.1781781
1,1,87,175256097.41021284
1,2,87,263380347.69123748
1,3,87,274457934.58920163
1,4,87,255870626.43589398
1,1,88,182049648.15794483
1,2,88,264294644.30265275
1,3,88,270876686.93301445
1,4,88,251764386.67792678
1,1,89,188740563.66789526
1,2,89,266940533.92716977
1,3,89,267770592.95414394
1,4,89,251699265.38621104
1,1,90,196455371.14405766
1,2,90,269359195.83218771
1,3,90,266891541.47493842
1,4,90,248426648.43196735
1,1,91,198413521.45353916
1,2,91,272173663.11315149
1,3,91,268044717.75172499
1,4,91,250687650.19657859
1,1,92,162430002.98257226
1,2,92,271229859.05447423
1,3,92,269715268.86336309
1,4,92,252018268.25616801
1,1,93,166268821.82919902
1,2,93,260095097.25257757
1,3,93,273588985.78511423
1,4,93,255611285.1781781
1,1,94,177334127.70935395
1,2,94,263380347.69123748
1,3,94,274457934.58920163
1,4,94,255870626.43589398
1,1,95,182049648.15794483
1,2,95,264294644.30265275
1,3,95,272997783.47681916
1,4,95,251764386.67792678
1,1,96,188740563.66789526
1,2,96,266940533.92716977
1,3,96,267770592.95414394
1,4,96,251699265.38621104
1,1,97,197231780.83389995
1,2,97,269359195.83218771
1,3,97,266891541.47493842
1,4,97,248426648.43196735
1,1,98,199165066.77231127
1,2,98,272173663.11315149
1,3,98,268044717.75172499
1,4,98,250687650.19657859
1,1,99,163739367.0715605
1,2,99,271229859.05447423
1,3,99,269715268.86336309
1,4,99,252018268.25616801
1,1,100,168424621.06885961
1,2,100,260095097.25257757
1,3,100,273588985.78511423
1,4,100,255611285.1781781
1,1,101,177334127.70935395
1,2,101,263380347.69123748
1,3,101,274457934.58920163
1,4,101,255870626.43589398
1,1,102,182049648.15794483
1,2,102,264294644.30265275
1,3,102,272997783.47681916
1,4,102,251764386.67792678
1,1,103,189904499.22016606
1,2,103,266940533.92716977
1,3,103,267770592.95414394
1,4,103,251699265.38621104
1,1,104,197231780.83389995
1,2,104,269359195.83218771
1,3,104,266891541.47493842
1,4,104,248426648.43196735
1,1,105,205462914.31378075
1,2,105,272173663.11315149
1,3,105,268044717.75172499
1,4,105,250687650.19657859
1,1,106,164566769.09655258
1,2,106,271229859.05447423
1,3,106,269715268.86336309
1,4,106,252018268.25616801
1,1,107,168424621.06885961
1,2,107,260095097.25257757
1,3,107,273588985.78511423
1,4,107,255611285.1781781
1,1,108,173272423.29315457
1,2,108,264340489.08100224
1,3,108,274457934.58920163
1,4,108,255920901.72363907
1,1,109,184066602.9076578
1,2,109,264294644.30265275
1,3,109,272997783.47681916
1,4,109,251764386.67792678
1,1,110,190697805.8447732
1,2,110,266940533.92716977
1,3,110,267770592.95414394
1,4,110,251699265.38621104
1,1,111,197231780.83389995
1,2,111,269359195.83218771
1,3,111,266891541.47493842
1,4,111,248426648.43196735
1,1,112,200236470.16898373
1,2,112,272173663.11315149
1,3,112,268044717.75172499
1,4,112,250687650.19657859
1,1,113,166363500.57464662
1,2,113,271229859.05447423
1,3,113,269715268.86336309
1,4,113,252018268.25616801
1,1,114,168424621.06885961
1,2,114,258544439.29264861
1,3,114,273588985.78511423
1,4,114,255611285.1781781
1,1,115,174081614.11639783
1,2,115,264340489.08100224
1,3,115,274457934.58920163
1,4,115,255920901.72363907
1,1,116,180081848.6202133
1,2,116,263782302.01885656
1,3,116,272997783.47681916
1,4,116,251764386.67792678
1,1,117,190697805.8447732
1,2,117,267853370.27310494
1,3,117,267770592.95414394
1,4,117,251699265.38621104
1,1,118,192598676.83797303
1,2,118,269359195.83218771
1,3,118,266891541.47493842
1,4,118,248426648.43196735
1,1,119,197280268.86494294
1,2,119,272173663.11315149
1,3,119,268044717.75172499
1,4,119,250687650.19657859
1,1,120,167134131.69662181
1,2,120,271229859.05447423
1,3,120,269715268.86336309
1,4,120,251225298.79906842
1,1,121,166382427.05247742
1,2,121,258544439.29264861
1,3,121,273588985.78511423
1,4,121,255611285.1781781
1,1,122,175277626.13162428
1,2,122,262830489.13844332
1,3,122,274457934.58920163
1,4,122,252839028.91265479
1,1,123,184869869.28527617
1,2,123,263782302.01885656
1,3,123,272997783.47681916
1,4,123,251733947.55903137
1,1,124,185935129.47478488
1,2,124,267853370.27310494
1,3,124,267770592.95414394
1,4,124,251699265.38621104
1,1,125,199058730.19223082
1,2,125,269359195.83218771
1,3,125,266891541.47493842
1,4,125,248426648.43196735
1,1,126,197249499.71223587
1,2,126,272600485.67947602
1,3,126,268044717.75172499
1,4,126,250687650.19657859
1,1,127,160156453.46087253
1,2,127,271229859.05447423
1,3,127,269715268.86336309
1,4,127,251225298.79906842
1,1,128,171492356.42210248
1,2,128,258544439.29264861
1,3,128,273588985.78511423
1,4,128,254818678.42987564
1,1,129,175277626.13162428
1,2,129,262830489.13844332
1,3,129,273931286.89746863
1,4,129,255102398.76881585
1,1,130,182057382.57188517
1,2,130,263782302.01885656
1,3,130,270876686.93301445
1,4,130,251733947.55903137
1,1,131,188704962.03215441
1,2,131,267853370.27310494
1,3,131,267770592.95414394
1,4,131,251699265.38621104
1,1,132,194472453.75701493
1,2,132,269359195.83218771
1,3,132,266891541.47493842
1,4,132,248426648.43196735
1,1,133,199167462.75782523
1,2,133,270725365.57741988
1,3,133,268044717.75172499
1,4,133,250687650.19657859
1,1,134,156429765.15179938
1,2,134,257495132.73871017
1,3,134,270566568.71420085
1,4,134,251225298.79906842
1,1,135,165705114.43226635
1,2,135,258544439.29264861
1,3,135,274699221.28995031
1,4,135,254818678.42987564
1,1,136,170449427.67424527
1,2,136,262830489.13844332
1,3,136,273931286.89746863
1,4,136,255102398.76881585
1,1,137,182851696.8838194
1,2,137,263782302.01885656
1,3,137,270876686.93301445
1,4,137,253890362.36883843
1,1,138,189482566.53885379
1,2,138,268394572.3666563
1,3,138,267770592.95414394
1,4,138,251699265.38621104
1,1,139,190667343.07969621
1,2,139,269359195.83218771
1,3,139,266891541.47493842
1,4,139,248426648.43196735
1,1,140,199216209.36837542
1,2,140,270725365.57741988
1,3,140,268044717.75172499
1,4,140,250687650.19657859
1,1,141,157279382.25401315
1,2,141,258449320.72960359
1,3,141,271821262.26420021
1,4,141,251225298.79906842
1,1,142,166400259.82714349
1,2,142,258677105.71133471
1,3,142,274699221.28995031
1,4,142,248623895.42950442
1,1,143,178266224.21733314
1,2,143,259653167.17069921
1,3,143,273931286.89746863
1,4,143,255102398.76881585
1,1,144,177206847.07147315
1,2,144,263782302.01885656
1,3,144,270876686.93301445
1,4,144,253890362.36883843
1,1,145,183987817.38565007
1,2,145,268394572.3666563
1,3,145,267770592.95414394
1,4,145,251699265.38621104
1,1,146,191458095.05324009
1,2,146,269359195.83218771
1,3,146,266891541.47493842
1,4,146,248396075.02028203
1,1,147,199216209.36837542
1,2,147,270254162.13668483
1,3,147,268044717.75172499
1,4,147,250687650.19657859
1,1,148,159516921.8047258
1,2,148,258449320.72960359
1,3,148,271821262.26420021
1,4,148,251225298.79906842
1,1,149,163614271.04024643
1,2,149,260207639.19991836
1,3,149,274157103.22759289
1,4,149,248623895.42950442
1,1,150,172520216.47552752
1,2,150,260227911.84239775
1,3,150,273931286.89746863
1,4,150,255102398.76881585
1,1,151,179351048.95401078
1,2,151,264420549.76138505
1,3,151,270361800.78458667
1,4,151,255017053.87065762
1,1,152,185988733.08282432
1,2,152,265334221.96046883
1,3,152,267770592.95414394
1,4,152,251668427.31526116
1,1,153,192689418.50588003
1,2,153,269359195.83218771
1,3,153,268114530.90963554
1,4,153,250566892.36932468
1,1,154,200953030.12939754
1,2,154,270322690.82596117
1,3,154,268044717.75172499
1,4,154,250687650.19657859
1,1,155,171492356.42210248
1,2,155,260022723.67592159
1,3,155,271540570.85849321
1,4,155,250683410.48315454
1,1,156,176128691.53660533
1,2,156,263247178.41616374
1,3,156,271732094.81098515
1,4,156,250971066.62512058
1,1,157,182057382.57188517
1,2,157,262822833.82593748
1,3,157,271761217.57414442
1,4,157,253835080.67204159
1,1,158,185935129.47478488
1,2,158,266940533.92716977
1,3,158,272615850.38912213
1,4,158,253828603.61295736
1,1,159,199112233.4411633
1,2,159,267847965.19760293
1,3,159,269541056.69798142
1,4,159,250712556.93570131
1,1,160,197280268.86494294
1,2,160,272173663.11315149
1,3,160,269771054.16767722
1,4,160,250435218.26450017
1,1,161,205588849.74531245
1,2,161,273244754.12719721
1,3,161,269769201.71254528
1,4,161,248613776.41587231
1,1,162,161488350.31788164
1,2,162,260022723.67592159
1,3,162,271540570.85849321
1,4,162,250683410.48315454
1,1,163,170449427.67424527
1,2,163,263247178.41616374
1,3,163,274516428.8003183
1,4,163,250971066.62512058
1,1,164,182018316.53092974
1,2,164,262822833.82593748
1,3,164,271761217.57414442
1,4,164,253835080.67204159
1,1,165,188759186.4795711
1,2,165,266862538.45682091
1,3,165,272615850.38912213
1,4,165,254630890.45772085
1,1,166,199820167.39914271
1,2,166,267847965.19760293
1,3,166,269448648.9399398
1,4,166,250712556.93570131
1,1,167,197249499.71223587
1,2,167,272173663.11315149
1,3,167,268665951.40267789
1,4,167,250435218.26450017
1,1,168,205667066.39449275
1,2,168,273244754.12719721
1,3,168,269769201.71254528
1,4,168,248613776.41587231
1,1,169,166559755.06882781
1,2,169,260022723.67592159
1,3,169,271540570.85849321
1,4,169,250683410.48315454
1,1,170,170449427.67424527
1,2,170,261737341.11962256
1,3,170,274516428.8003183
1,4,170,250971066.62512058
1,1,171,182851696.8838194
1,2,171,262822833.82593748
1,3,171,271761217.57414442
1,4,171,253835080.67204159
1,1,172,189482566.53885379
1,2,172,266862538.45682091
1,3,172,272615850.38912213
1,4,172,254630890.45772085
1,1,173,194472453.75701493
1,2,173,267847965.19760293
1,3,173,269448648.9399398
1,4,173,250712556.93570131
1,1,174,198053987.48660016
1,2,174,272309777.89104319
1,3,174,268665951.40267789
1,4,174,246314766.10654116
1,1,175,206416742.38184005
1,2,175,273244754.12719721
1,3,175,269769201.71254528
1,4,175,248613776.41587231
1,1,176,162140000.49145684
1,2,176,260022723.67592159
1,3,176,271540570.85849321
1,4,176,250683410.48315454
1,1,177,171292514.79035977
1,2,177,261737341.11962256
1,3,177,274516428.8003183
1,4,177,248072088.74645814
1,1,178,177206847.07147315
1,2,178,262822833.82593748
1,3,178,271761217.57414442
1,4,178,253835080.67204159
1,1,179,183987817.38565007
1,2,179,266862538.45682091
1,3,179,272615850.38912213
1,4,179,250533816.5134176
1,1,180,190667343.07969621
1,2,180,267847965.19760293
1,3,180,269448648.9399398
1,4,180,250712556.93570131
1,1,181,199136944.85199919
1,2,181,272309777.89104319
1,3,181,268665951.40267789
1,4,181,246314766.10654116
1,1,182,207348725.68511665
1,2,182,273244754.12719721
1,3,182,269769201.71254528
1,4,182,248613776.41587231
1,1,183,163489498.44288006
1,2,183,260022723.67592159
1,3,183,271540570.85849321
1,4,183,250683410.48315454
1,1,184,172527720.72861293
1,2,184,261737341.11962256
1,3,184,274516428.8003183
1,4,184,250203338.38130417
1,1,185,177206847.07147315
1,2,185,262822833.82593748
1,3,185,271761217.57414442
1,4,185,253835080.67204159
1,1,186,183987817.38565007
1,2,186,266862538.45682091
1,3,186,272615850.38912213
1,4,186,250583922.23017466
1,1,187,190667343.07969621
1,2,187,267847965.19760293
1,3,187,269448648.9399398
1,4,187,250712556.93570131
1,1,188,199136944.85199919
1,2,188,272173663.11315149
1,3,188,268665951.40267789
1,4,188,246314766.10654116
1,1,189,207348725.68511665
1,2,189,273244754.12719721
1,3,189,269769201.71254528
1,4,189,246317247.16651464
1,1,190,164374829.67613062
1,2,190,260022723.67592159
1,3,190,271540570.85849321
1,4,190,250683410.48315454
1,1,191,173364308.17630363
1,2,191,261737341.11962256
1,3,191,274516428.8003183
1,4,191,250203338.38130417
1,1,192,178032171.76052609
1,2,192,262822833.82593748
1,3,192,271761217.57414442
1,4,192,253835080.67204159
1,1,193,183987817.38565007
1,2,193,266862538.45682091
1,3,193,272615850.38912213
1,4,193,249767444.36725941
1,1,194,191458095.05324009
1,2,194,267847965.19760293
1,3,194,269448648.9399398
1,4,194,250712556.93570131
1,1,195,199136944.85199919
1,2,195,272173663.11315149
1,3,195,268665951.40267789
1,4,195,246314766.10654116
1,1,196,207348725.68511665
1,2,196,273244754.12719721
1,3,196,269769201.71254528
1,4,196,246317247.16651464
1,1,197,164374829.67613062
1,2,197,260022723.67592159
1,3,197,271540570.85849321
1,4,197,250683410.48315454
1,1,198,169132722.4229337
1,2,198,261737341.11962256
1,3,198,274516428.8003183
1,4,198,250203338.38130417
1,1,199,179268324.52157339
1,2,199,262822833.82593748
1,3,199,271761217.57414442
1,4,199,253835080.67204159
1,1,200,185988733.08282432
1,2,200,266862538.45682091
1,3,200,272615850.38912213
1,4,200,249767444.36725941
1,1,201,192609053.92323324
1,2,201,267847965.19760293
1,3,201,269448648.9399398
1,4,201,250712556.93570131
1,1,202,199982407.34416211
1,2,202,272173663.11315149
1,3,202,268665951.40267789
1,4,202,246314766.10654116
1,1,203,202901016.14811093
1,2,203,273244754.12719721
1,3,203,269769201.71254528
1,4,203,248613776.41587231
1,1,204,166547618.31078365
1,2,204,258544439.29264861
1,3,204,271540570.85849321
1,4,204,250683410.48315454
1,1,205,170357577.96616286
1,2,205,261014813.3354063
1,3,205,275311851.26822889
1,4,205,250203338.38130417
1,1,206,180169894.73340663
1,2,206,262822833.82593748
1,3,206,271761217.57414442
1,4,206,253804563.86287898
1,1,207,185988733.08282432
1,2,207,266940533.92716977
1,3,207,272615850.38912213
1,4,207,249717343.09077743
1,1,208,192609053.92323324
1,2,208,268372633.65283805
1,3,208,269448648.9399398
1,4,208,250712556.93570131
1,1,209,200953030.12939754
1,2,209,272173663.11315149
1,3,209,268665951.40267789
1,4,209,246284087.45619339
1,1,210,202901016.14811093
1,2,210,273244754.12719721
1,3,210,269245665.536327
1,4,210,248613776.41587231
1,1,211,166494341.66218942
1,2,211,258544439.29264861
1,3,211,271540570.85849321
1,4,211,250653175.85383672
1,1,212,171298177.84990177
1,2,212,262701124.1489684
1,3,212,274786109.90335375
1,4,212,250203338.38130417
1,1,213,180038323.60058811
1,2,213,262822833.82593748
1,3,213,271761217.57414442
1,4,213,253804563.86287898
1,1,214,186871693.19207078
1,2,214,266940533.92716977
1,3,214,272116801.68739665
1,4,214,253828603.61295736
1,1,215,193473788.29082957
1,2,215,268372633.65283805
1,3,215,268898163.92444956
1,4,215,250712556.93570131
1,1,216,201712887.70686063
1,2,216,272600485.67947602
1,3,216,268665951.40267789
1,4,216,246284087.45619339
1,1,217,200051935.56499577
1,2,217,273244754.12719721
1,3,217,269245665.536327
1,4,217,248613776.41587231
1,1,218,166334176.53165847
1,2,218,258544439.29264861
1,3,218,271540570.85849321
1,4,218,249812053.9761956
1,1,219,171298177.84990177
1,2,219,259520408.73261201
1,3,219,272730086.46142948
1,4,219,250203338.38130417
1,1,220,182072938.56551203
1,2,220,262822833.82593748
1,3,220,271761217.57414442
1,4,220,255958736.83837816
1,1,221,187913446.93617132
1,2,221,266940533.92716977
1,3,221,272116801.68739665
1,4,221,253828603.61295736
1,1,222,194475577.06118101
1,2,222,268372633.65283805
1,3,222,268898163.92444956
1,4,222,250712556.93570131
1,1,223,196401180.386078
1,2,223,272600485.67947602
1,3,223,268114530.90963554
1,4,223,250435218.26450017
1,1,224,204825775.2162199
1,2,224,273244754.12719721
1,3,224,269245665.536327
1,4,224,248613776.41587231
1,1,225,167100404.66092506
1,2,225,259136129.84680375
1,3,225,270968850.17747885
1,4,225,249812053.9761956
1,1,226,173406859.86560616
1,2,226,259653167.17069921
1,3,226,272730086.46142948
1,4,226,250152292.88825119
1,1,227,178121111.1871697
1,2,227,262822833.82593748
1,3,227,271761217.57414442
1,4,227,255958736.83837816
1,1,228,188708509.774591
1,2,228,268394572.3666563
1,3,228,272116801.68739665
1,4,228,253828603.61295736
1,1,229,195253609.42087245
1,2,229,269286673.06052285
1,3,229,266891541.47493842
1,4,229,250712556.93570131
1,1,230,197234646.4271014
1,2,230,269359195.83218771
1,3,230,269219579.44816697
1,4,230,252571941.43583912
1,1,231,201861021.70111308
1,2,231,273244754.12719721
1,3,231,269245665.536327
1,4,231,248613776.41587231
1,1,232,171298177.84990177
1,2,232,261737341.11962256
1,3,232,273320427.41776228
1,4,232,252291317.14745373
1,1,233,180038323.60058811
1,2,233,262689719.35793251
1,3,233,273660706.18110681
1,4,233,255613151.11000004
1,1,234,185988733.08282432
1,2,234,266862538.45682091
1,3,234,273495946.46552402
1,4,234,252579472.07947174
1,1,235,192609053.92323324
1,2,235,267847965.19760293
1,3,235,273828695.86820799
1,4,235,252679782.95113838
1,1,236,200953030.12939754
1,2,236,272241586.73398256
1,3,236,268665951.40267789
1,4,236,248426648.43196735
1,1,237,202901016.14811093
1,2,237,272309777.89104319
1,3,237,267791057.54634404
1,4,237,251514428.19160417
1,1,238,211196954.18658313
1,2,238,274091559.71867239
1,3,238,270120466.90355587
1,4,238,245311936.11706334
1,1,239,171298177.84990177
1,2,239,261737341.11962256
1,3,239,273320427.41776228
1,4,239,252291317.14745373
1,1,240,176015855.70608184
1,2,240,262689719.35793251
1,3,240,273660706.18110681
1,4,240,255613151.11000004
1,1,241,186790177.36745611
1,2,241,266862538.45682091
1,3,241,273495946.46552402
1,4,241,252579472.07947174
1,1,242,193393425.5159691
1,2,242,267847965.19760293
1,3,242,273828695.86820799
1,4,242,252713125.39971665
1,1,243,200953030.12939754
1,2,243,272241586.73398256
1,3,243,267442906.66875339
1,4,243,248426648.43196735
1,1,244,202901016.14811093
1,2,244,272309777.89104319
1,3,244,270942811.40843952
1,4,244,251514428.19160417
1,1,245,208189480.83432379
1,2,245,274091559.71867239
1,3,245,270120466.90355587
1,4,245,245311936.11706334
1,1,246,166448233.56845421
1,2,246,261737341.11962256
1,3,246,273320427.41776228
1,4,246,252291317.14745373
1,1,247,178085706.76910731
1,2,247,262689719.35793251
1,3,247,274200612.40507573
1,4,247,255613151.11000004
1,1,248,186871693.19207078
1,2,248,266862538.45682091
1,3,248,273495946.46552402
1,4,248,252579472.07947174
1,1,249,193473788.29082957
1,2,249,267847965.19760293
1,3,249,273828695.86820799
1,4,249,252713125.39971665
1,1,250,201712887.70686063
1,2,250,272241586.73398256
1,3,250,267442906.66875339
1,4,250,248426648.43196735
1,1,251,199972621.31098166
1,2,251,272309777.89104319
1,3,251,270942811.40843952
1,4,251,251514428.19160417
1,1,252,208189480.83432379
1,2,252,274091559.71867239
1,3,252,270944185.65101868
1,4,252,245311936.11706334
1,1,253,173406859.86560616
1,2,253,261737341.11962256
1,3,253,273320427.41776228
1,4,253,252291317.14745373
1,1,254,178046466.73325843
1,2,254,262689719.35793251
1,3,254,274200612.40507573
1,4,254,255613151.11000004
1,1,255,188708509.774591
1,2,255,266862538.45682091
1,3,255,273495946.46552402
1,4,255,252579472.07947174
1,1,256,194475577.06118101
1,2,256,267847965.19760293
1,3,256,273828695.86820799
1,4,256,252503164.09438393
1,1,257,201712887.70686063
1,2,257,272241586.73398256
1,3,257,267442906.66875339
1,4,257,248426648.43196735
1,1,258,199972621.31098166
1,2,258,271801122.07099998
1,3,258,270942811.40843952
1,4,258,251676972.76350346
1,1,259,208238029.79378322
1,2,259,274091559.71867239
1,3,259,270944185.65101868
1,4,259,245311936.11706334
1,1,260,173406859.86560616
1,2,260,261737341.11962256
1,3,260,273320427.41776228
1,4,260,252291317.14745373
1,1,261,178046466.73325843
1,2,261,262689719.35793251
1,3,261,274200612.40507573
1,4,261,255613151.11000004
1,1,262,184797189.64425442
1,2,262,266862538.45682091
1,3,262,273495946.46552402
1,4,262,252579472.07947174
1,1,263,195253609.42087245
1,2,263,267847965.19760293
1,3,263,272615850.38912213
1,4,263,252503164.09438393
1,1,264,196401180.386078
1,2,264,272241586.73398256
1,3,264,267442906.66875339
1,4,264,248426648.43196735
1,1,265,201159318.77066317
1,2,265,271801122.07099998
1,3,265,270942811.40843952
1,4,265,251676972.76350346
1,1,266,209988317.40345061
1,2,266,274091559.71867239
1,3,266,270944185.65101868
1,4,266,245311936.11706334
1,1,267,168406426.27042842
1,2,267,261737341.11962256
1,3,267,273320427.41776228
1,4,267,252291317.14745373
1,1,268,172414934.15927982
1,2,268,262689719.35793251
1,3,268,274200612.40507573
1,4,268,255613151.11000004
1,1,269,184797189.64425442
1,2,269,266862538.45682091
1,3,269,273495946.46552402
1,4,269,252579472.07947174
1,1,270,191378569.88824973
1,2,270,267847965.19760293
1,3,270,272615850.38912213
1,4,270,252503164.09438393
1,1,271,197154239.0492636
1,2,271,272241586.73398256
1,3,271,267442906.66875339
1,4,271,248426648.43196735
1,1,272,201923782.2262868
1,2,272,272309777.89104319
1,3,272,270942811.40843952
1,4,272,251676972.76350346
1,1,273,209988317.40345061
1,2,273,274091559.71867239
1,3,273,270944185.65101868
1,4,273,245311936.11706334
1,1,274,164310112.48133323
1,2,274,261737341.11962256
1,3,274,273320427.41776228
1,4,274,252291317.14745373
1,1,275,173212423.34778985
1,2,275,262689719.35793251
1,3,275,273660706.18110681
1,4,275,255582799.1370253
1,1,276,179160315.04666534
1,2,276,266862538.45682091
1,3,276,273495946.46552402
1,4,276,252579472.07947174
1,1,277,190576511.89164796
1,2,277,267847965.19760293
1,3,277,272615850.38912213
1,4,277,252503164.09438393
1,1,278,193386538.59753588
1,2,278,272241586.73398256
1,3,278,267442906.66875339
1,4,278,248426648.43196735
1,1,279,201893521.43950009
1,2,279,272309777.89104319
1,3,279,270942811.40843952
1,4,279,251676972.76350346
1,1,280,209988317.40345061
1,2,280,274091559.71867239
1,3,280,270944185.65101868
1,4,280,245311936.11706334
1,1,281,169206571.03969514
1,2,281,261014813.3354063
1,3,281,273320427.41776228
1,4,281,252291317.14745373
1,1,282,174477520.80968398
1,2,282,262689719.35793251
1,3,282,273660706.18110681
1,4,282,255582799.1370253
1,1,283,179983780.65040156
1,2,283,266862538.45682091
1,3,283,273495946.46552402
1,4,283,252579472.07947174
1,1,284,186735119.29039571
1,2,284,267847965.19760293
1,3,284,273828695.86820799
1,4,284,252503164.09438393
1,1,285,194523793.56831318
1,2,285,272241586.73398256
1,3,285,267442906.66875339
1,4,285,248426648.43196735
1,1,286,201751393.91176394
1,2,286,272309777.89104319
1,3,286,270942811.40843952
1,4,286,251514428.19160417
1,1,287,204903121.56398779
1,2,287,274091559.71867239
1,3,287,270944185.65101868
1,4,287,245311936.11706334
1,1,288,166322127.01096711
1,2,288,261014813.3354063
1,3,288,273320427.41776228
1,4,288,252291317.14745373
1,1,289,175303645.54780632
1,2,289,262689719.35793251
1,3,289,273660706.18110681
1,4,289,257730595.2148954
1,1,290,181287879.3533392
1,2,290,266862538.45682091
1,3,290,273495946.46552402
1,4,290,251764386.67792678
1,1,291,187914084.95907766
1,2,291,268372633.65283805
1,3,291,273828695.86820799
1,4,291,252713125.39971665
1,1,292,195386635.14827177
1,2,292,272737104.10318953
1,3,292,267442906.66875339
1,4,292,248426648.43196735
1,1,293,202851173.91342291
1,2,293,272173663.11315149
1,3,293,270942811.40843952
1,4,293,251514428.19160417
1,1,294,205638323.7893815
1,2,294,274572284.23904628
1,3,294,270944185.65101868
1,4,294,245311936.11706334
1,1,295,166322127.01096711
1,2,295,261014813.3354063
1,3,295,273320427.41776228
1,4,295,251489982.1809122
1,1,296,176083363.39385143
1,2,296,262822833.82593748
1,3,296,274457934.58920163
1,4,296,257730595.2148954
1,1,297,182104851.24924496
1,2,297,266862538.45682091
1,3,297,273495946.46552402
1,4,297,251764386.67792678
1,1,298,188795002.57850981
1,2,298,268372633.65283805
1,3,298,273828695.86820799
1,4,298,252713125.39971665
1,1,299,195386635.14827177
1,2,299,267847965.19760293
1,3,299,267442906.66875339
1,4,299,248426648.43196735
1,1,300,203688567.37267539
1,2,300,272173663.11315149
1,3,300,267791057.54634404
1,4,300,251514428.19160417
1,1,301,206741374.98274231
1,2,301,274572284.23904628
1,3,301,270120466.90355587
1,4,301,245311936.11706334
1,1,302,168424621.06885961
1,2,302,261014813.3354063
1,3,302,273320427.41776228
1,4,302,251489982.1809122
1,1,303,177334127.70935395
1,2,303,262822833.82593748
1,3,303,274457934.58920163
1,4,303,255920901.72363907
1,1,304,181972903.04971021
1,2,304,266862538.45682091
1,3,304,273495946.46552402
1,4,304,251764386.67792678
1,1,305,188658958.8059738
1,2,305,268372633.65283805
1,3,305,273828695.86820799
1,4,305,251994294.96800795
1,1,306,195252467.26405495
1,2,306,270968698.87990022
1,3,306,267442906.66875339
1,4,306,248426648.43196735
1,1,307,203688567.37267539
1,2,307,272173663.11315149
1,3,307,268044717.75172499
1,4,307,251514428.19160417
1,1,308,206670164.20183742
1,2,308,274572284.23904628
1,3,308,270120466.90355587
1,4,308,245311936.11706334
1,1,309,176083363.39385143
1,2,309,261759560.30506647
1,3,309,275055435.41096121
1,4,309,250971066.62512058
1,1,310,182104851.24924496
1,2,310,265930837.17165321
1,3,310,272259352.02317572
1,4,310,254648472.12823451
1,1,311,187995301.69146839
1,2,311,267771758.68247107
1,3,311,272615850.38912213
1,4,311,254660448.78113306
1,1,312,195386635.14827177
1,2,312,272241586.73398256
1,3,312,275014686.99159396
1,4,312,251377947.38485834
1,1,313,201751393.91176394
1,2,313,271801122.07099998
1,3,313,269862846.31185728
1,4,313,247411439.49460185
1,1,314,204903121.56398779
1,2,314,274091559.71867239
1,3,314,269769201.71254528
1,4,314,252628773.04648262
1,1,315,213728527.35934007
1,2,315,274091860.09200418
1,3,315,270077037.76797652
1,4,315,246861448.52269247
1,1,316,177334127.70935395
1,2,316,261759560.30506647
1,3,316,275055435.41096121
1,4,316,250971066.62512058
1,1,317,182104851.24924496
1,2,317,265930837.17165321
1,3,317,271508544.77616709
1,4,317,254648472.12823451
1,1,318,187995301.69146839
1,2,318,266838891.26895532
1,3,318,272615850.38912213
1,4,318,254660448.78113306
1,1,319,195386635.14827177
1,2,319,272241586.73398256
1,3,319,275014686.99159396
1,4,319,251377947.38485834
1,1,320,202851173.91342291
1,2,320,271801122.07099998
1,3,320,269862846.31185728
1,4,320,247411439.49460185
1,1,321,205638323.7893815
1,2,321,274091559.71867239
1,3,321,269769201.71254528
1,4,321,252628773.04648262
1,1,322,213728527.35934007
1,2,322,274091860.09200418
1,3,322,270077037.76797652
1,4,322,246861448.52269247
1,1,323,173272423.29315457
1,2,323,261759560.30506647
1,3,323,275055435.41096121
1,4,323,250971066.62512058
1,1,324,181972903.04971021
1,2,324,265930837.17165321
1,3,324,271508544.77616709
1,4,324,254648472.12823451
1,1,325,188795002.57850981
1,2,325,266838891.26895532
1,3,325,274705516.4703629
1,4,325,254660448.78113306
1,1,326,195386635.14827177
1,2,326,272241586.73398256
1,3,326,275014686.99159396
1,4,326,251377947.38485834
1,1,327,203609528.57460079
1,2,327,271801122.07099998
1,3,327,269862846.31185728
1,4,327,247411439.49460185
1,1,328,205638323.7893815
1,2,328,274091559.71867239
1,3,328,269769201.71254528
1,4,328,252628773.04648262
1,1,329,213728527.35934007
1,2,329,274091860.09200418
1,3,329,270077037.76797652
1,4,329,246865506.4205645
1,1,330,173232367.92281917
1,2,330,261759560.30506647
1,3,330,275055435.41096121
1,4,330,257153251.93248856
1,1,331,182782555.38218793
1,2,331,265930837.17165321
1,3,331,271508544.77616709
1,4,331,254648472.12823451
1,1,332,188795002.57850981
1,2,332,266838891.26895532
1,3,332,274705516.4703629
1,4,332,254660448.78113306
1,1,333,195252467.26405495
1,2,333,272241586.73398256
1,3,333,275014686.99159396
1,4,333,251377947.38485834
1,1,334,203609528.57460079
1,2,334,271801122.07099998
1,3,334,268665951.40267789
1,4,334,247411439.49460185
1,1,335,205638323.7893815
1,2,335,274091559.71867239
1,3,335,269769201.71254528
1,4,335,252628773.04648262
1,1,336,210807694.37173751
1,2,336,274091860.09200418
1,3,336,270077037.76797652
1,4,336,246865506.4205645
1,1,337,174090040.63152266
1,2,337,261759560.30506647
1,3,337,275055435.41096121
1,4,337,257153251.93248856
1,1,338,182782555.38218793
1,2,338,265930837.17165321
1,3,338,271508544.77616709
1,4,338,254648472.12823451
1,1,339,188658958.8059738
1,2,339,266838891.26895532
1,3,339,274705516.4703629
1,4,339,254660448.78113306
1,1,340,195252467.26405495
1,2,340,272241586.73398256
1,3,340,275014686.99159396
1,4,340,251377947.38485834
1,1,341,203609528.57460079
1,2,341,271801122.07099998
1,3,341,268665951.40267789
1,4,341,247411439.49460185
1,1,342,206741374.98274231
1,2,342,274091559.71867239
1,3,342,269769201.71254528
1,4,342,253319894.29648179
1,1,343,210807694.37173751
1,2,343,274091860.09200418
1,3,343,270077037.76797652
1,4,343,246865506.4205645
1,1,344,174090040.63152266
1,2,344,261759560.30506647
1,3,344,275055435.41096121
1,4,344,257153251.93248856
1,1,345,180006457.50202602
1,2,345,265930837.17165321
1,3,345,271508544.77616709
1,4,345,254648472.12823451
1,1,346,189451388.76452923
1,2,346,266838891.26895532
1,3,346,274705516.4703629
1,4,346,254660448.78113306
1,1,347,197151658.49498969
1,2,347,272241586.73398256
1,3,347,275014686.99159396
1,4,347,251377947.38485834
1,1,348,198413521.45353916
1,2,348,271801122.07099998
1,3,348,268665951.40267789
1,4,348,247411439.49460185
1,1,349,203838577.69209966
1,2,349,272914484.70088488
1,3,349,269769201.71254528
1,4,349,253319894.29648179
1,1,350,210807694.37173751
1,2,350,274091860.09200418
1,3,350,270077037.76797652
1,4,350,246865506.4205645
1,1,351,175324337.85538679
1,2,351,261759560.30506647
1,3,351,275055435.41096121
1,4,351,257153251.93248856
1,1,352,184869869.28527617
1,2,352,265930837.17165321
1,3,352,271508544.77616709
1,4,352,254648472.12823451
1,1,353,190616547.01813924
1,2,353,266838891.26895532
1,3,353,274705516.4703629
1,4,353,254660448.78113306
1,1,354,197151658.49498969
1,2,354,272241586.73398256
1,3,354,275014686.99159396
1,4,354,251377947.38485834
1,1,355,199165066.77231127
1,2,355,271801122.07099998
1,3,355,268665951.40267789
1,4,355,247411439.49460185
1,1,356,203768566.70074391
1,2,356,272914484.70088488
1,3,356,269769201.71254528
1,4,356,253319894.29648179
1,1,357,211450153.73932007
1,2,357,274091860.09200418
1,3,357,270077037.76797652
1,4,357,246637591.23251122
1,1,358,176128691.53660533
1,2,358,261759560.30506647
1,3,358,275055435.41096121
1,4,358,257153251.93248856
1,1,359,180882375.68923822
1,2,359,266862538.45682091
1,3,359,271508544.77616709
1,4,359,254648472.12823451
1,1,360,191402608.3004691
1,2,360,266838891.26895532
1,3,360,274705516.4703629
1,4,360,254660448.78113306
1,1,361,198000957.06910568
1,2,361,270847613.75375819
1,3,361,275014686.99159396
1,4,361,251377947.38485834
1,1,362,199165066.77231127
1,2,362,271801122.07099998
1,3,362,268665951.40267789
1,4,362,247411439.49460185
1,1,363,204525813.91886613
1,2,363,274091559.71867239
1,3,363,269769201.71254528
1,4,363,252628773.04648262
1,1,364,211424265.63241428
1,2,364,274091860.09200418
1,3,364,270077037.76797652
1,4,364,246637591.23251122
1,1,365,170449427.67424527
1,2,365,262689719.35793251
1,3,365,275055435.41096121
1,4,365,250971066.62512058
1,1,366,175179575.13337871
1,2,366,266862538.45682091
1,3,366,272259352.02317572
1,4,366,253835080.67204159
1,1,367,182059104.41244179
1,2,367,268295768.9697789
1,3,367,274705516.4703629
1,4,367,254660448.78113306
1,1,368,192598676.83797303
1,2,368,270847613.75375819
1,3,368,275014686.99159396
1,4,368,251377947.38485834
1,1,369,197333803.16803235
1,2,369,271801122.07099998
1,3,369,268665951.40267789
1,4,369,247411439.49460185
1,1,370,204525813.91886613
1,2,370,274091559.71867239
1,3,370,269769201.71254528
1,4,370,246580497.74086168
1,1,371,209378832.6866987
1,2,371,274091860.09200418
1,3,371,270077037.76797652
1,4,371,246637591.23251122
1,1,372,171292514.79035977
1,2,372,262689719.35793251
1,3,372,274516428.8003183
1,4,372,250971066.62512058
1,1,373,182906683.89871079
1,2,373,266862538.45682091
1,3,373,272259352.02317572
1,4,373,253835080.67204159
1,1,374,182020611.52737984
1,2,374,268295768.9697789
1,3,374,272615850.38912213
1,4,374,254660448.78113306
1,1,375,193359638.40385881
1,2,375,270847613.75375819
1,3,375,275014686.99159396
1,4,375,251377947.38485834
1,1,376,197303038.50916672
1,2,376,271801122.07099998
1,3,376,269862846.31185728
1,4,376,247411439.49460185
1,1,377,205588849.74531245
1,2,377,274091559.71867239
1,3,377,269769201.71254528
1,4,377,246580497.74086168
1,1,378,209378832.6866987
1,2,378,274091559.71867239
1,3,378,270077037.76797652
1,4,378,246637591.23251122
1,1,379,172573120.34202614
1,2,379,263247178.41616374
1,3,379,274516428.8003183
1,4,379,250971066.62512058
1,1,380,177206847.07147315
1,2,380,267403057.94375971
1,3,380,272259352.02317572
1,4,380,253835080.67204159
1,1,381,184042824.02567109
1,2,381,266862538.45682091
1,3,381,272615850.38912213
1,4,381,254630890.45772085
1,1,382,190721597.83221042
1,2,382,270847613.75375819
1,3,382,269541056.69798142
1,4,382,251377947.38485834
1,1,383,197249499.71223587
1,2,383,272309777.89104319
1,3,383,269862846.31185728
1,4,383,247411439.49460185
1,1,384,205588849.74531245
1,2,384,274572284.23904628
1,3,384,269769201.71254528
1,4,384,246580497.74086168
1,1,385,209310149.17015401
1,2,385,272134621.44420892
1,3,385,270077037.76797652
1,4,385,246629929.00314629
1,1,386,177206847.07147315
1,2,386,262691144.86185521
1,3,386,274200612.40507573
1,4,386,255613151.11000004
1,1,387,189536795.47969359
1,2,387,267362855.76011926
1,3,387,273495946.46552402
1,4,387,252084475.51978037
1,1,388,194526704.01649141
1,2,388,270847613.75375819
1,3,388,268060089.30538946
1,4,388,252704253.9029355
1,1,389,197280268.86494294
1,2,389,271733630.36490232
1,3,389,268665951.40267789
1,4,389,252579426.61733848
1,1,390,205588849.74531245
1,2,390,273157180.21817523
1,3,390,268990807.22128761
1,4,390,251514428.19160417
1,1,391,209378832.6866987
1,2,391,274091860.09200418
1,3,391,270270893.88593119
1,4,391,248698618.76626378
1,1,392,214716337.64141622
1,2,392,274568826.61410099
1,3,392,271309649.99252373
1,4,392,247673811.84941468
1,1,393,177206847.07147315
1,2,393,265850903.79933277
1,3,393,272393903.24031973
1,4,393,255613151.11000004
1,1,394,184042824.02567109
1,2,394,267362855.76011926
1,3,394,273495946.46552402
1,4,394,252608689.5410932
1,1,395,190721597.83221042
1,2,395,270847613.75375819
1,3,395,268060089.30538946
1,4,395,252704253.9029355
1,1,396,197249499.71223587
1,2,396,271733630.36490232
1,3,396,268665951.40267789
1,4,396,252579426.61733848
1,1,397,205588849.74531245
1,2,397,273157180.21817523
1,3,397,271033980.83275682
1,4,397,251514428.19160417
1,1,398,209378832.6866987
1,2,398,274091860.09200418
1,3,398,270270893.88593119
1,4,398,248698618.76626378
1,1,399,214716337.64141622
1,2,399,274568826.61410099
1,3,399,271309649.99252373
1,4,399,247673811.84941468
1,1,400,178032171.76052609
1,2,400,265850903.79933277
1,3,400,272393903.24031973
1,4,400,255613151.11000004
1,1,401,183987817.38565007
1,2,401,267362855.76011926
1,3,401,273495946.46552402
1,4,401,252608689.5410932
1,1,402,190721597.83221042
1,2,402,269959240.20267314
1,3,402,268060089.30538946
1,4,402,252704253.9029355
1,1,403,197249499.71223587
1,2,403,271733630.36490232
1,3,403,269201612.61423343
1,4,403,252579426.61733848
1,1,404,205588849.74531245
1,2,404,273157180.21817523
1,3,404,271033980.83275682
1,4,404,251514428.19160417
1,1,405,209378832.6866987
1,2,405,274091860.09200418
1,3,405,270270893.88593119
1,4,405,248698618.76626378
1,1,406,214716337.64141622
1,2,406,274568826.61410099
1,3,406,271309649.99252373
1,4,406,247704628.77450767
1,1,407,178032171.76052609
1,2,407,265850903.79933277
1,3,407,272393903.24031973
1,4,407,255613151.11000004
1,1,408,183987817.38565007
1,2,408,267362855.76011926
1,3,408,273495946.46552402
1,4,408,252608689.5410932
1,1,409,190667343.07969621
1,2,409,269959240.20267314
1,3,409,268060089.30538946
1,4,409,252704253.9029355
1,1,410,198023459.25962898
1,2,410,271733630.36490232
1,3,410,269201612.61423343
1,4,410,252579426.61733848
1,1,411,205588849.74531245
1,2,411,273157180.21817523
1,3,411,271569744.39625365
1,4,411,251514428.19160417
1,1,412,209310149.17015401
1,2,412,274091860.09200418
1,3,412,270270893.88593119
1,4,412,248698618.76626378
1,1,413,214716337.64141622
1,2,413,274568826.61410099
1,3,413,271309649.99252373
1,4,413,247704628.77450767
1,1,414,179268324.52157339
1,2,414,265850903.79933277
1,3,414,272393903.24031973
1,4,414,255613151.11000004
1,1,415,183987817.38565007
1,2,415,267362855.76011926
1,3,415,273495946.46552402
1,4,415,252608689.5410932
1,1,416,190667343.07969621
1,2,416,269959240.20267314
1,3,416,268060089.30538946
1,4,416,252704253.9029355
1,1,417,198023459.25962898
1,2,417,271733630.36490232
1,3,417,269201612.61423343
1,4,417,252579426.61733848
1,1,418,206338527.54115751
1,2,418,273157180.21817523
1,3,418,271569744.39625365
1,4,418,251514428.19160417
1,1,419,209310149.17015401
1,2,419,274091860.09200418
1,3,419,270270893.88593119
1,4,419,248698618.76626378
1,1,420,214716337.64141622
1,2,420,274568826.61410099
1,3,420,270085944.38636488
1,4,420,247704628.77450767
1,1,421,180087172.10994288
1,2,421,266391375.64565808
1,3,421,272393903.24031973
1,4,421,255613151.11000004
1,1,422,184795688.50531575
1,2,422,267362855.76011926
1,3,422,273495946.46552402
1,4,422,252608689.5410932
1,1,423,191458095.05324009
1,2,423,269959240.20267314
1,3,423,268060089.30538946
1,4,423,252704253.9029355
1,1,424,199136944.85199919
1,2,424,271733630.36490232
1,3,424,269201612.61423343
1,4,424,252579426.61733848
1,1,425,206338527.54115751
1,2,425,273157180.21817523
1,3,425,271569744.39625365
1,4,425,251514428.19160417
1,1,426,209310149.17015401
1,2,426,274091860.09200418
1,3,426,270270893.88593119
1,4,426,248698618.76626378
1,1,427,214510606.06005037
1,2,427,274568826.61410099
1,3,427,270085944.38636488
1,4,427,242653860.68840146
1,1,428,176064732.18480322
1,2,428,263231324.29098758
1,3,428,272393903.24031973
1,4,428,255613151.11000004
1,1,429,185988733.08282432
1,2,429,265377852.33962357
1,3,429,273495946.46552402
1,4,429,252608689.5410932
1,1,430,191458095.05324009
1,2,430,269959240.20267314
1,3,430,268060089.30538946
1,4,430,252704253.9029355
1,1,431,199136944.85199919
1,2,431,271733630.36490232
1,3,431,268665951.40267789
1,4,431,252579426.61733848
1,1,432,201099036.16209251
1,2,432,273157180.21817523
1,3,432,271569744.39625365
1,4,432,251514428.19160417
1,1,433,209310149.17015401
1,2,433,274091860.09200418
1,3,433,270270893.88593119
1,4,433,248698618.76626378
1,1,434,218003051.1857613
1,2,434,274568826.61410099
1,3,434,270085944.38636488
1,4,434,242653860.68840146
1,1,435,176064732.18480322
1,2,435,261190116.67123982
1,3,435,272393903.24031973
1,4,435,255613151.11000004
1,1,436,186790177.36745611
1,2,436,265377852.33962357
1,3,436,273495946.46552402
1,4,436,252608689.5410932
1,1,437,192609053.92323324
1,2,437,270847613.75375819
1,3,437,268060089.30538946
1,4,437,252704253.9029355
1,1,438,199903144.63568607
1,2,438,271733630.36490232
1,3,438,268665951.40267789
1,4,438,252579426.61733848
1,1,439,207407457.68012369
1,2,439,273157180.21817523
1,3,439,271033980.83275682
1,4,439,251514428.19160417
1,1,440,206435830.33594394
1,2,440,274091860.09200418
1,3,440,270270893.88593119
1,4,440,248698618.76626378
1,1,441,211415188.60357094
1,2,441,274568826.61410099
1,3,441,270085944.38636488
1,4,441,242653860.68840146
1,1,442,178046466.73325843
1,2,442,261190116.67123982
1,3,442,272393903.24031973
1,4,442,255613151.11000004
1,1,443,186790177.36745611
1,2,443,265377852.33962357
1,3,443,273495946.46552402
1,4,443,252608689.5410932
1,1,444,193393425.5159691
1,2,444,270847613.75375819
1,3,444,268060089.30538946
1,4,444,252704253.9029355
1,1,445,199903144.63568607
1,2,445,271733630.36490232
1,3,445,268665951.40267789
1,4,445,252579426.61733848
1,1,446,208092097.20945916
1,2,446,273157180.21817523
1,3,446,271033980.83275682
1,4,446,251514428.19160417
1,1,447,210030554.96571153
1,2,447,274091860.09200418
1,3,447,270270893.88593119
1,4,447,248698618.76626378
1,1,448,211415188.60357094
1,2,448,274568826.61410099
1,3,448,271309649.99252373
1,4,448,242653860.68840146
1,1,449,178046466.73325843
1,2,449,261190116.67123982
1,3,449,272393903.24031973
1,4,449,255613151.11000004
1,1,450,182843966.34665596
1,2,450,265377852.33962357
1,3,450,273495946.46552402
1,4,450,252608689.5410932
1,1,451,193393425.5159691
1,2,451,270847613.75375819
1,3,451,268060089.30538946
1,4,451,252704253.9029355
1,1,452,194542570.38789675
1,2,452,271733630.36490232
1,3,452,268665951.40267789
1,4,452,252579426.61733848
1,1,453,202901016.14811093
1,2,453,273157180.21817523
1,3,453,271033980.83275682
1,4,453,251514428.19160417
1,1,454,211196954.18658313
1,2,454,274091860.09200418
1,3,454,270270893.88593119
1,4,454,248698618.76626378
1,1,455,211386056.28706649
1,2,455,274568826.61410099
1,3,455,271309649.99252373
1,4,455,242653860.68840146
1,1,456,178046466.73325843
1,2,456,261190116.67123982
1,3,456,272393903.24031973
1,4,456,255613151.11000004
1,1,457,184797189.64425442
1,2,457,265930837.17165321
1,3,457,273495946.46552402
1,4,457,252608689.5410932
1,1,458,188666349.60348645
1,2,458,270847613.75375819
1,3,458,273828695.86820799
1,4,458,252704253.9029355
1,1,459,201712887.70686063
1,2,459,271733630.36490232
1,3,459,268665951.40267789
1,4,459,252579426.61733848
1,1,460,199972621.31098166
1,2,460,273637159.4863832
1,3,460,271033980.83275682
1,4,460,250703169.02302423
1,1,461,208349063.59237179
1,2,461,274091860.09200418
1,3,461,270270893.88593119
1,4,461,246697866.79479551
1,1,462,211303251.89019337
1,2,462,276294815.31907874
1,3,462,270822882.53972149
1,4,462,242629737.74950796
1,1,463,184758450.17727983
1,2,463,265377852.33962357
1,3,463,271508544.77616709
1,4,463,254677765.81959727
1,1,464,195253609.42087245
1,2,464,266838891.26895532
1,3,464,266814932.7086235
1,4,464,248375429.07076803
1,1,465,201712887.70686063
1,2,465,270844101.29689556
1,3,465,275014686.99159396
1,4,465,251377947.38485834
1,1,466,199972621.31098166
1,2,466,273637159.4863832
1,3,466,270398561.39770281
1,4,466,248575414.315054
1,1,467,208349063.59237179
1,2,467,274091860.09200418
1,3,467,270944185.65101868
1,4,467,246529676.60526568
1,1,468,211303251.89019337
1,2,468,274568826.61410099
1,3,468,269368315.68456835
1,4,468,245763235.13285837
1,1,469,219973878.42914155
1,2,469,276294815.31907874
1,3,469,269923897.5154888
1,4,469,243047826.9599874
1,1,470,179160315.04666534
1,2,470,265377852.33962357
1,3,470,271508544.77616709
1,4,470,254677765.81959727
1,1,471,191378569.88824973
1,2,471,266838891.26895532
1,3,471,266814932.7086235
1,4,471,248375429.07076803
1,1,472,196401180.386078
1,2,472,270844101.29689556
1,3,472,269278936.6654532
1,4,472,251377947.38485834
1,1,473,199972621.31098166
1,2,473,273157180.21817523
1,3,473,270398561.39770281
1,4,473,248308856.45273989
1,1,474,208349063.59237179
1,2,474,274091860.09200418
1,3,474,270944185.65101868
1,4,474,246529676.60526568
1,1,475,211303251.89019337
1,2,475,275382943.95117474
1,3,475,269368315.68456835
1,4,475,245763235.13285837
1,1,476,219973878.42914155
1,2,476,276294815.31907874
1,3,476,270411613.62790269
1,4,476,243047826.9599874
1,1,477,179160315.04666534
1,2,477,265377852.33962357
1,3,477,271508544.77616709
1,4,477,254677765.81959727
1,1,478,191378569.88824973
1,2,478,266838891.26895532
1,3,478,268939277.90002352
1,4,478,248375429.07076803
1,1,479,197154239.0492636
1,2,479,270844101.29689556
1,3,479,269278936.6654532
1,4,479,251407374.40064141
1,1,480,199972621.31098166
1,2,480,273157180.21817523
1,3,480,270398561.39770281
1,4,480,248308856.45273989
1,1,481,208349063.59237179
1,2,481,274091860.09200418
1,3,481,270944185.65101868
1,4,481,246529676.60526568
1,1,482,211303251.89019337
1,2,482,275382943.95117474
1,3,482,269368315.68456835
1,4,482,246577406.05721074
1,1,483,219973878.42914155
1,2,483,276294815.31907874
1,3,483,270411613.62790269
1,4,483,243047826.9599874
1,1,484,179983780.65040156
1,2,484,265297916.48214537
1,3,484,272019598.85088664
1,4,484,254677765.81959727
1,1,485,185928976.95932841
1,2,485,266838891.26895532
1,3,485,268939277.90002352
1,4,485,248375429.07076803
1,1,486,197154239.0492636
1,2,486,270844101.29689556
1,3,486,269278936.6654532
1,4,486,251407374.40064141
1,1,487,199972621.31098166
1,2,487,273157180.21817523
1,3,487,270398561.39770281
1,4,487,248308856.45273989
1,1,488,208319305.70253932
1,2,488,276110355.17965752
1,3,488,270944185.65101868
1,4,488,246529676.60526568
1,1,489,212022417.01211366
1,2,489,275382943.95117474
1,3,489,269368315.68456835
1,4,489,246577406.05721074
1,1,490,216105711.49805096
1,2,490,276294815.31907874
1,3,490,270411613.62790269
1,4,490,243047826.9599874
1,1,491,179983780.65040156
1,2,491,265297916.48214537
1,3,491,272019598.85088664
1,4,491,254677765.81959727
1,1,492,186735119.29039571
1,2,492,269886179.07397139
1,3,492,268939277.90002352
1,4,492,248375429.07076803
1,1,493,193386538.59753588
1,2,493,270844101.29689556
1,3,493,269278936.6654532
1,4,493,251407374.40064141
1,1,494,201049818.34129623
1,2,494,273157180.21817523
1,3,494,270398561.39770281
1,4,494,248308856.45273989
1,1,495,208159709.52718291
1,2,495,276110355.17965752
1,3,495,270944185.65101868
1,4,495,246529676.60526568
1,1,496,212022417.01211366
1,2,496,275382943.95117474
1,3,496,269368315.68456835
1,4,496,250689195.30531788
1,1,497,216105711.49805096
1,2,497,276294815.31907874
1,3,497,270411613.62790269
1,4,497,243047826.9599874
1,1,498,179983780.65040156
1,2,498,265297916.48214537
1,3,498,272019598.85088664
1,4,498,254677765.81959727
1,1,499,186735119.29039571
1,2,499,266838891.26895532
1,3,499,268939277.90002352
1,4,499,248375429.07076803
1,1,500,193386538.59753588
1,2,500,270844101.29689556
1,3,500,269278936.6654532
1,4,500,251407374.40064141
1,1,501,201814523.33880639
1,2,501,273157180.21817523
1,3,501,270398561.39770281
1,4,501,248308856.45273989
1,1,502,209937485.44662955
1,2,502,276110355.17965752
1,3,502,270944185.65101868
1,4,502,246529676.60526568
1,1,503,212022417.01211366
1,2,503,275382943.95117474
1,3,503,269368315.68456835
1,4,503,250689195.30531788
1,1,504,216795436.57644808
1,2,504,276294815.31907874
1,3,504,270411613.62790269
1,4,504,242824027.05555364
1,1,505,182022447.93551427
1,2,505,265297916.48214537
1,3,505,272019598.85088664
1,4,505,254677765.81959727
1,1,506,186735119.29039571
1,2,506,266838891.26895532
1,3,506,268939277.90002352
1,4,506,248375429.07076803
1,1,507,193386538.59753588
1,2,507,270844101.29689556
1,3,507,269278936.6654532
1,4,507,251407374.40064141
1,1,508,201814523.33880639
1,2,508,273157180.21817523
1,3,508,270398561.39770281
1,4,508,248308856.45273989
1,1,509,209937485.44662955
1,2,509,276110355.17965752
1,3,509,270944185.65101868
1,4,509,246529676.60526568
1,1,510,213104647.9866668
1,2,510,275382943.95117474
1,3,510,269368315.68456835
1,4,510,250689195.30531788
1,1,511,216795436.57644808
1,2,511,276294815.31907874
1,3,511,270411613.62790269
1,4,511,242824027.05555364
1,1,512,182104851.24924496
1,2,512,265297916.48214537
1,3,512,272019598.85088664
1,4,512,254677765.81959727
1,1,513,187914084.95907766
1,2,513,266838891.26895532
1,3,513,268939277.90002352
1,4,513,248375429.07076803
1,1,514,194523793.56831318
1,2,514,270844101.29689556
1,3,514,269278936.6654532
1,4,514,251407374.40064141
1,1,515,201814523.33880639
1,2,515,271801122.07099998
1,3,515,270398561.39770281
1,4,515,248308856.45273989
1,1,516,209937485.44662955
1,2,516,276110355.17965752
1,3,516,270944185.65101868
1,4,516,246529676.60526568
1,1,517,213104647.9866668
1,2,517,275382943.95117474
1,3,517,269368315.68456835
1,4,517,250689195.30531788
1,1,518,216795436.57644808
1,2,518,276294815.31907874
1,3,518,270411613.62790269
1,4,518,242824027.05555364
1,1,519,182104851.24924496
1,2,519,265297916.48214537
1,3,519,271508544.77616709
1,4,519,254677765.81959727
1,1,520,188713787.65426573
1,2,520,266838891.26895532
1,3,520,268939277.90002352
1,4,520,248375429.07076803
1,1,521,195306555.03862321
1,2,521,270844101.29689556
1,3,521,269278936.6654532
1,4,521,251407374.40064141
1,1,522,201893521.43950009
1,2,522,271801122.07099998
1,3,522,270398561.39770281
1,4,522,248575414.315054
1,1,523,209937485.44662955
1,2,523,274091860.09200418
1,3,523,270944185.65101868
1,4,523,250584994.70149437
1,1,524,213815956.66090837
1,2,524,275382943.95117474
1,3,524,269368315.68456835
1,4,524,250689195.30531788
1,1,525,216795436.57644808
1,2,525,276294815.31907874
1,3,525,270411613.62790269
1,4,525,242824027.05555364
1,1,526,182782555.38218793
1,2,526,265930837.17165321
1,3,526,271508544.77616709
1,4,526,254677765.81959727
1,1,527,188795002.57850981
1,2,527,266838891.26895532
1,3,527,268939277.90002352
1,4,527,248375429.07076803
1,1,528,195386635.14827177
1,2,528,270844101.29689556
1,3,528,269278936.6654532
1,4,528,251407374.40064141
1,1,529,203609528.57460079
1,2,529,271801122.07099998
1,3,529,270398561.39770281
1,4,529,248575414.315054
1,1,530,204903121.56398779
1,2,530,274091860.09200418
1,3,530,270944185.65101868
1,4,530,250584994.70149437
1,1,531,213728527.35934007
1,2,531,275382943.95117474
1,3,531,269368315.68456835
1,4,531,250689195.30531788
1,1,532,214046197.06152251
1,2,532,276294815.31907874
1,3,532,270411613.62790269
1,4,532,242824027.05555364
1,1,533,180006457.50202602
1,2,533,265930837.17165321
1,3,533,271508544.77616709
1,4,533,254648472.12823451
1,1,534,189587429.84115306
1,2,534,266838891.26895532
1,3,534,268939277.90002352
1,4,534,248375429.07076803
1,1,535,195386635.14827177
1,2,535,271352033.48042315
1,3,535,269278936.6654532
1,4,535,251377947.38485834
1,1,536,203609528.57460079
1,2,536,271801122.07099998
1,3,536,270398561.39770281
1,4,536,248575414.315054
1,1,537,205638323.7893815
1,2,537,274091860.09200418
1,3,537,270944185.65101868
1,4,537,250584994.70149437
1,1,538,213728527.35934007
1,2,538,274091860.09200418
1,3,538,269368315.68456835
1,4,538,250689195.30531788
1,1,539,215004179.25488836
1,2,539,276294815.31907874
1,3,539,269923897.5154888
1,4,539,242824027.05555364
1,1,540,191483865.34055772
1,2,540,266838891.26895532
1,3,540,273495946.46552402
1,4,540,250613234.1315577
1,1,541,197151658.49498969
1,2,541,271352033.48042315
1,3,541,268060089.30538946
1,4,541,253238594.45223665
1,1,542,198413521.45353916
1,2,542,271733630.36490232
1,3,542,269201612.61423343
1,4,542,246365823.71227345
1,1,543,206741374.98274231
1,2,543,273157180.21817523
1,3,543,268990807.22128761
1,4,543,249386426.74496749
1,1,544,210807694.37173751
1,2,544,274091860.09200418
1,3,544,270077037.76797652
1,4,544,245748447.24160084
1,1,545,215004179.25488836
1,2,545,274568826.61410099
1,3,545,271309649.99252373
1,4,545,247668423.07396412
1,1,546,215676958.91248393
1,2,546,275514203.5945946
1,3,546,271823005.02932382
1,4,546,241787387.8011888
1,1,547,191483865.34055772
1,2,547,266838891.26895532
1,3,547,273495946.46552402
1,4,547,250613234.1315577
1,1,548,197151658.49498969
1,2,548,271352033.48042315
1,3,548,268060089.30538946
1,4,548,253238594.45223665
1,1,549,199165066.77231127
1,2,549,271733630.36490232
1,3,549,269201612.61423343
1,4,549,246365823.71227345
1,1,550,206741374.98274231
1,2,550,273157180.21817523
1,3,550,268990807.22128761
1,4,550,249386426.74496749
1,1,551,210807694.37173751
1,2,551,274091860.09200418
1,3,551,270270893.88593119
1,4,551,245748447.24160084
1,1,552,215744613.77244854
1,2,552,274568826.61410099
1,3,552,271309649.99252373
1,4,552,247668423.07396412
1,1,553,215676958.91248393
1,2,553,275514203.5945946
1,3,553,271823005.02932382
1,4,553,241783464.23950303
1,1,554,187610618.58954725
1,2,554,266838891.26895532
1,3,554,267697286.17553464
1,4,554,250518707.70320874
1,1,555,197920836.51679096
1,2,555,271352033.48042315
1,3,555,268060089.30538946
1,4,555,253238594.45223665
1,1,556,199165066.77231127
1,2,556,271733630.36490232
1,3,556,269201612.61423343
1,4,556,246365823.71227345
1,1,557,203838577.69209966
1,2,557,273157180.21817523
1,3,557,269527468.22841024
1,4,557,249386426.74496749
1,1,558,210807694.37173751
1,2,558,274091860.09200418
1,3,558,270270893.88593119
1,4,558,245748447.24160084
1,1,559,215632505.5253503
1,2,559,274568826.61410099
1,3,559,271309649.99252373
1,4,559,247668423.07396412
1,1,560,215676958.91248393
1,2,560,275514203.5945946
1,3,560,271823005.02932382
1,4,560,241783464.23950303
1,1,561,182059104.41244179
1,2,561,266838891.26895532
1,3,561,267697286.17553464
1,4,561,250518707.70320874
1,1,562,192517422.19171166
1,2,562,271352033.48042315
1,3,562,268060089.30538946
1,4,562,253238594.45223665
1,1,563,199165066.77231127
1,2,563,271733630.36490232
1,3,563,269201612.61423343
1,4,563,246365823.71227345
1,1,564,203838577.69209966
1,2,564,273157491.97379166
1,3,564,269527468.22841024
1,4,564,249386426.74496749
1,1,565,210807694.37173751
1,2,565,274091860.09200418
1,3,565,270270893.88593119
1,4,565,245748447.24160084
1,1,566,215632505.5253503
1,2,566,274568826.61410099
1,3,566,271309649.99252373
1,4,566,247668423.07396412
1,1,567,215676958.91248393
1,2,567,275514203.5945946
1,3,567,271823005.02932382
1,4,567,241783464.23950303
1,1,568,182020611.52737984
1,2,568,266838891.26895532
1,3,568,267697286.17553464
1,4,568,250518707.70320874
1,1,569,192517422.19171166
1,2,569,271352033.48042315
1,3,569,268060089.30538946
1,4,569,253238594.45223665
1,1,570,199165066.77231127
1,2,570,270844101.29689556
1,3,570,269201612.61423343
1,4,570,246365823.71227345
1,1,571,203838577.69209966
1,2,571,273157491.97379166
1,3,571,271569744.39625365
1,4,571,249386426.74496749
1,1,572,210787021.41635156
1,2,572,274091860.09200418
1,3,572,270270893.88593119
1,4,572,245748447.24160084
1,1,573,215632505.5253503
1,2,573,274568826.61410099
1,3,573,271309649.99252373
1,4,573,247668423.07396412
1,1,574,216342387.45855623
1,2,574,275514203.5945946
1,3,574,271823005.02932382
1,4,574,241783464.23950303
1,1,575,182020611.52737984
1,2,575,266838891.26895532
1,3,575,267697286.17553464
1,4,575,250518707.70320874
1,1,576,188758863.4766494
1,2,576,271352033.48042315
1,3,576,268060089.30538946
1,4,576,253238594.45223665
1,1,577,196209551.5159618
1,2,577,270844101.29689556
1,3,577,269201612.61423343
1,4,577,246365823.71227345
1,1,578,204525813.91886613
1,2,578,273157491.97379166
1,3,578,271569744.39625365
1,4,578,249386426.74496749
1,1,579,211450153.73932007
1,2,579,274091860.09200418
1,3,579,270270893.88593119
1,4,579,245748447.24160084
1,1,580,215632505.5253503
1,2,580,274568826.61410099
1,3,580,271309649.99252373
1,4,580,247668423.07396412
1,1,581,220364184.2925618
1,2,581,275514203.5945946
1,3,581,271823005.02932382
1,4,581,241783464.23950303
1,1,582,184042824.02567109
1,2,582,266838891.26895532
1,3,582,267697286.17553464
1,4,582,252084475.51978037
1,1,583,189556037.34729102
1,2,583,271352033.48042315
1,3,583,268060089.30538946
1,4,583,253238594.45223665
1,1,584,197333803.16803235
1,2,584,270844101.29689556
1,3,584,269201612.61423343
1,4,584,246365823.71227345
1,1,585,204525813.91886613
1,2,585,273157491.97379166
1,3,585,271569744.39625365
1,4,585,249386426.74496749
1,1,586,211424265.63241428
1,2,586,274091860.09200418
1,3,586,270270893.88593119
1,4,586,245748447.24160084
1,1,587,215632505.5253503
1,2,587,274568826.61410099
1,3,587,271309649.99252373
1,4,587,247668423.07396412
1,1,588,220364184.2925618
1,2,588,275514203.5945946
1,3,588,271823005.02932382
1,4,588,241783464.23950303
1,1,589,184042824.02567109
1,2,589,266838891.26895532
1,3,589,267697286.17553464
1,4,589,250518707.70320874
1,1,590,190721597.83221042
1,2,590,271352033.48042315
1,3,590,268060089.30538946
1,4,590,253238594.45223665
1,1,591,197303038.50916672
1,2,591,270844101.29689556
1,3,591,269201612.61423343
1,4,591,246365823.71227345
1,1,592,204495794.34086123
1,2,592,273157491.97379166
1,3,592,271569744.39625365
1,4,592,249386426.74496749
1,1,593,211424265.63241428
1,2,593,274091860.09200418
1,3,593,270270893.88593119
1,4,593,245748447.24160084
1,1,594,215632505.5253503
1,2,594,274568826.61410099
1,3,594,271309649.99252373
1,4,594,247668423.07396412
1,1,595,220364184.2925618
1,2,595,275514203.5945946
1,3,595,271823005.02932382
1,4,595,241783464.23950303
1,1,596,184042824.02567109
1,2,596,266838891.26895532
1,3,596,267697286.17553464
1,4,596,250518707.70320874
1,1,597,190721597.83221042
1,2,597,269422491.21976531
1,3,597,268060089.30538946
1,4,597,253238594.45223665
1,1,598,197303038.50916672
1,2,598,270844101.29689556
1,3,598,269201612.61423343
1,4,598,246365823.71227345
1,1,599,205588849.74531245
1,2,599,273157180.21817523
1,3,599,271569744.39625365
1,4,599,249386426.74496749
1,1,600,207563555.18522429
1,2,600,274091860.09200418
1,3,600,270270893.88593119
1,4,600,245748447.24160084
1,1,601,215632505.5253503
1,2,601,274568826.61410099
1,3,601,271309649.99252373
1,4,601,247982252.22469917
1,1,602,220364184.2925618
1,2,602,275514203.5945946
1,3,602,271823005.02932382
1,4,602,245225003.42788285
1,1,603,184795688.50531575
1,2,603,266838891.26895532
1,3,603,273495946.46552402
1,4,603,250518707.70320874
1,1,604,190721597.83221042
1,2,604,269959240.20267314
1,3,604,268060089.30538946
1,4,604,253238594.45223665
1,1,605,198023459.25962898
1,2,605,271733630.36490232
1,3,605,269201612.61423343
1,4,605,246314766.10654116
1,1,606,205588849.74531245
1,2,606,273157180.21817523
1,3,606,269527468.22841024
1,4,606,249386426.74496749
1,1,607,209421045.60415363
1,2,607,274091860.09200418
1,3,607,270270893.88593119
1,4,607,245748447.24160084
1,1,608,214704417.94957688
1,2,608,274568826.61410099
1,3,608,271309649.99252373
1,4,608,246001471.85792714
1,1,609,217646551.31083253
1,2,609,275514203.5945946
1,3,609,271823005.02932382
1,4,609,245225003.42788285
1,1,610,184795688.50531575
1,2,610,267362855.76011926
1,3,610,273495946.46552402
1,4,610,250518707.70320874
1,1,611,191458095.05324009
1,2,611,269959240.20267314
1,3,611,268060089.30538946
1,4,611,253238594.45223665
1,1,612,198023459.25962898
1,2,612,271733630.36490232
1,3,612,269201612.61423343
1,4,612,246314766.10654116
1,1,613,205588849.74531245
1,2,613,273157180.21817523
1,3,613,269527468.22841024
1,4,613,249386426.74496749
1,1,614,208582522.2922402
1,2,614,274091860.09200418
1,3,614,270270893.88593119
1,4,614,245748447.24160084
1,1,615,214716337.64141622
1,2,615,274568826.61410099
1,3,615,271309649.99252373
1,4,615,246001471.85792714
1,1,616,217646446.47575518
1,2,616,275514203.5945946
1,3,616,271823005.02932382
1,4,616,245225003.42788285
1,1,617,193393425.5159691
1,2,617,266838891.26895532
1,3,617,266814932.7086235
1,4,617,248324135.21215618
1,1,618,199903144.63568607
1,2,618,271733630.36490232
1,3,618,270643437.81099498
1,4,618,249245161.73459023
1,1,619,207348725.68511665
1,2,619,273157180.21817523
1,3,619,270398561.39770281
1,4,619,251676972.76350346
1,1,620,209310149.17015401
1,2,620,274091860.09200418
1,3,620,270944185.65101868
1,4,620,245311936.11706334
1,1,621,214587926.73022696
1,2,621,274568826.61410099
1,3,621,270085944.38636488
1,4,621,243743704.7800464
1,1,622,219305050.84718275
1,2,622,275514203.5945946
1,3,622,269923897.5154888
1,4,622,247940573.49173042
1,1,623,223028996.84479401
1,2,623,267527726.43963879
1,3,623,270928509.18515342
1,4,623,242142129.08190694
1,1,624,193393425.5159691
1,2,624,266838891.26895532
1,3,624,266814932.7086235
1,4,624,248324135.21215618
1,1,625,194542570.38789675
1,2,625,270844101.29689556
1,3,625,269541056.69798142
1,4,625,249245161.73459023
1,1,626,207348725.68511665
1,2,626,273157180.21817523
1,3,626,270398561.39770281
1,4,626,249501479.41555241
1,1,627,209310149.17015401
1,2,627,274091860.09200418
1,3,627,270944185.65101868
1,4,627,245311936.11706334
1,1,628,218080371.85593796
1,2,628,274568826.61410099
1,3,628,270085944.38636488
1,4,628,243743704.7800464
1,1,629,219305050.84718275
1,2,629,275514203.5945946
1,3,629,269923897.5154888
1,4,629,247940573.49173042
1,1,630,223028996.84479401
1,2,630,268876944.35087132
1,3,630,270928509.18515342
1,4,630,242142129.08190694
1,1,631,187890138.27046257
1,2,631,269886179.07397139
1,3,631,266814932.7086235
1,4,631,248375429.07076803
1,1,632,194542570.38789675
1,2,632,270844101.29689556
1,3,632,269278936.6654532
1,4,632,249245161.73459023
1,1,633,208092097.20945916
1,2,633,273157180.21817523
1,3,633,270398561.39770281
1,4,633,249501479.41555241
1,1,634,206435830.33594394
1,2,634,274091860.09200418
1,3,634,270944185.65101868
1,4,634,245311936.11706334
1,1,635,218003051.1857613
1,2,635,274568826.61410099
1,3,635,269368315.68456835
1,4,635,243743704.7800464
1,1,636,215580856.76217175
1,2,636,275514203.5945946
1,3,636,269923897.5154888
1,4,636,247940573.49173042
1,1,637,223028996.84479401
1,2,637,268876944.35087132
1,3,637,270928509.18515342
1,4,637,242142129.08190694
1,1,638,188666349.60348645
1,2,638,269886179.07397139
1,3,638,266814932.7086235
1,4,638,248375429.07076803
1,1,639,194542570.38789675
1,2,639,270844101.29689556
1,3,639,269278936.6654532
1,4,639,249245161.73459023
1,1,640,202901016.14811093
1,2,640,273157180.21817523
1,3,640,270398561.39770281
1,4,640,249501479.41555241
1,1,641,206435830.33594394
1,2,641,276110355.17965752
1,3,641,270944185.65101868
1,4,641,245311936.11706334
1,1,642,214178334.10078833
1,2,642,274568826.61410099
1,3,642,269368315.68456835
1,4,642,243743704.7800464
1,1,643,215580856.76217175
1,2,643,275514203.5945946
1,3,643,270411613.62790269
1,4,643,247940573.49173042
1,1,644,223028996.84479401
1,2,644,268876944.35087132
1,3,644,270928509.18515342
1,4,644,242142129.08190694
1,1,645,195307651.98043832
1,2,645,269886179.07397139
1,3,645,266814932.7086235
1,4,645,248375429.07076803
1,1,646,195301951.35173944
1,2,646,270844101.29689556
1,3,646,269278936.6654532
1,4,646,249245161.73459023
1,1,647,202901016.14811093
1,2,647,273157180.21817523
1,3,647,270398561.39770281
1,4,647,249532191.23187232
1,1,648,210030554.96571153
1,2,648,276110355.17965752
1,3,648,270944185.65101868
1,4,648,245311936.11706334
1,1,649,211408959.28584078
1,2,649,274568826.61410099
1,3,649,269368315.68456835
1,4,649,243743704.7800464
1,1,650,215580856.76217175
1,2,650,275514203.5945946
1,3,650,270411613.62790269
1,4,650,247940573.49173042
1,1,651,223028996.84479401
1,2,651,268396417.26196146
1,3,651,270928509.18515342
1,4,651,242142129.08190694
1,1,652,191432616.94123882
1,2,652,269886179.07397139
1,3,652,268939277.90002352
1,4,652,248375429.07076803
1,1,653,201766220.33154824
1,2,653,270844101.29689556
1,3,653,269278936.6654532
1,4,653,249274514.45521134
1,1,654,202901016.14811093
1,2,654,273157180.21817523
1,3,654,270398561.39770281
1,4,654,249532191.23187232
1,1,655,211118993.26382336
1,2,655,276110355.17965752
1,3,655,270944185.65101868
1,4,655,245311936.11706334
1,1,656,211408959.28584078
1,2,656,274568826.61410099
1,3,656,269368315.68456835
1,4,656,243743704.7800464
1,1,657,219276673.68419945
1,2,657,275514203.5945946
1,3,657,270411613.62790269
1,4,657,247940573.49173042
1,1,658,223896876.51407534
1,2,658,268396417.26196146
1,3,658,270928509.18515342
1,4,658,242142129.08190694
1,1,659,191378569.88824973
1,2,659,269350091.76598001
1,3,659,268939277.90002352
1,4,659,248375429.07076803
1,1,660,201712887.70686063
1,2,660,270844101.29689556
1,3,660,269278936.6654532
1,4,660,249274514.45521134
1,1,661,199972621.31098166
1,2,661,273157180.21817523
1,3,661,270398561.39770281
1,4,661,249532191.23187232
1,1,662,211118993.26382336
1,2,662,276110355.17965752
1,3,662,270944185.65101868
1,4,662,245311936.11706334
1,1,663,211408959.28584078
1,2,663,274568826.61410099
1,3,663,269368315.68456835
1,4,663,243743704.7800464
1,1,664,219276673.68419945
1,2,664,275514203.5945946
1,3,664,270411613.62790269
1,4,664,247940573.49173042
1,1,665,223896876.51407534
1,2,665,268396417.26196146
1,3,665,270928509.18515342
1,4,665,242089450.67990023
1,1,666,185928976.95932841
1,2,666,269886179.07397139
1,3,666,268939277.90002352
1,4,666,248375429.07076803
1,1,667,197154239.0492636
1,2,667,270844101.29689556
1,3,667,269278936.6654532
1,4,667,249274514.45521134
1,1,668,199972621.31098166
1,2,668,273157180.21817523
1,3,668,270398561.39770281
1,4,668,249532191.23187232
1,1,669,208271104.45486164
1,2,669,276110355.17965752
1,3,669,270944185.65101868
1,4,669,245311936.11706334
1,1,670,211386056.28706649
1,2,670,274568826.61410099
1,3,670,269368315.68456835
1,4,670,243743704.7800464
1,1,671,219276673.68419945
1,2,671,275514203.5945946
1,3,671,270411613.62790269
1,4,671,247940573.49173042
1,1,672,223896876.51407534
1,2,672,268396417.26196146
1,3,672,270928509.18515342
1,4,672,242089450.67990023
1,1,673,186735119.29039571
1,2,673,269886179.07397139
1,3,673,268939277.90002352
1,4,673,248375429.07076803
1,1,674,197154239.0492636
1,2,674,270844101.29689556
1,3,674,269278936.6654532
1,4,674,249274514.45521134
1,1,675,199972621.31098166
1,2,675,273157180.21817523
1,3,675,270398561.39770281
1,4,675,249532191.23187232
1,1,676,208271104.45486164
1,2,676,276110355.17965752
1,3,676,270944185.65101868
1,4,676,245311936.11706334
1,1,677,211386056.28706649
1,2,677,274568826.61410099
1,3,677,269368315.68456835
1,4,677,247753961.46552262
1,1,678,219973878.42914155
1,2,678,275514203.5945946
1,3,678,270411613.62790269
1,4,678,244026231.62390366
1,1,679,224564882.22176608
1,2,679,268396417.26196146
1,3,679,270928509.18515342
1,4,679,242089450.67990023
1,1,680,186735119.29039571
1,2,680,269886179.07397139
1,3,680,268939277.90002352
1,4,680,248375429.07076803
1,1,681,193386538.59753588
1,2,681,270844101.29689556
1,3,681,269278936.6654532
1,4,681,249274514.45521134
1,1,682,199942101.49908718
1,2,682,273157180.21817523
1,3,682,270398561.39770281
1,4,682,249532191.23187232
1,1,683,208319305.70253932
1,2,683,276110355.17965752
1,3,683,270944185.65101868
1,4,683,245311936.11706334
1,1,684,211303251.89019337
1,2,684,274568826.61410099
1,3,684,269368315.68456835
1,4,684,247753961.46552262
1,1,685,219973878.42914155
1,2,685,275514203.5945946
1,3,685,270411613.62790269
1,4,685,244026231.62390366
1,1,686,224564882.22176608
1,2,686,268876944.35087132
1,3,686,270928509.18515342
1,4,686,242089450.67990023
1,1,687,186735119.29039571
1,2,687,266838891.26895532
1,3,687,266814932.7086235
1,4,687,248375429.07076803
1,1,688,193386538.59753588
1,2,688,270844101.29689556
1,3,688,269278936.6654532
1,4,688,249245161.73459023
1,1,689,201814523.33880639
1,2,689,273157180.21817523
1,3,689,270398561.39770281
1,4,689,249532191.23187232
1,1,690,208319305.70253932
1,2,690,274091860.09200418
1,3,690,270944185.65101868
1,4,690,245311936.11706334
1,1,691,212022417.01211366
1,2,691,274568826.61410099
1,3,691,269368315.68456835
1,4,691,247753961.46552262
1,1,692,219973878.42914155
1,2,692,275514203.5945946
1,3,692,270411613.62790269
1,4,692,243973018.95630899
1,1,693,224564838.08698115
1,2,693,276437551.69365746
1,3,693,270928509.18515342
1,4,693,244573511.00530249
1,1,694,197151658.49498969
1,2,694,272241586.73398256
1,3,694,273828695.86820799
1,4,694,253471013.02312368
1,1,695,203609528.57460079
1,2,695,271801122.07099998
1,3,695,268665951.40267789
1,4,695,250466123.64278755
1,1,696,205638323.7893815
1,2,696,274091559.71867239
1,3,696,269769201.71254528
1,4,696,253319894.29648179
1,1,697,213728527.35934007
1,2,697,274091860.09200418
1,3,697,270077037.76797652
1,4,697,246629929.00314629
1,1,698,216789256.40979072
1,2,698,276294815.31907874
1,3,698,268698056.22043967
1,4,698,245822943.24789631
1,1,699,218023877.91681582
1,2,699,273418114.2697379
1,3,699,269724484.90200657
1,4,699,244401932.44420186
1,1,700,226621463.80504179
1,2,700,269746504.28900427
1,3,700,271418520.30953962
1,4,700,244227431.65625489
1,1,701,197151658.49498969
1,2,701,271352033.48042315
1,3,701,268060089.30538946
1,4,701,253471013.02312368
1,1,702,203609528.57460079
1,2,702,271801122.07099998
1,3,702,269201612.61423343
1,4,702,250466123.64278755
1,1,703,205638323.7893815
1,2,703,272966526.37800759
1,3,703,269769201.71254528
1,4,703,253319894.29648179
1,1,704,213728527.35934007
1,2,704,274091860.09200418
1,3,704,270077037.76797652
1,4,704,246637591.23251122
1,1,705,216789256.40979072
1,2,705,276294815.31907874
1,3,705,269185741.34018683
1,4,705,245822943.24789631
1,1,706,218023877.91681582
1,2,706,273418114.2697379
1,3,706,269724484.90200657
1,4,706,244401932.44420186
1,1,707,226621463.80504179
1,2,707,269746504.28900427
1,3,707,270236421.66367573
1,4,707,244227431.65625489
1,1,708,197151658.49498969
1,2,708,271352033.48042315
1,3,708,268060089.30538946
1,4,708,253471013.02312368
1,1,709,203609528.57460079
1,2,709,271801122.07099998
1,3,709,269201612.61423343
1,4,709,250466123.64278755
1,1,710,205638323.7893815
1,2,710,273157180.21817523
1,3,710,269769201.71254528
1,4,710,253319894.29648179
1,1,711,213728527.35934007
1,2,711,274091860.09200418
1,3,711,270077037.76797652
1,4,711,246637591.23251122
1,1,712,216789256.40979072
1,2,712,276294815.31907874
1,3,712,269185741.34018683
1,4,712,245822943.24789631
1,1,713,218023877.91681582
1,2,713,275514203.5945946
1,3,713,269724484.90200657
1,4,713,244401932.44420186
1,1,714,226621463.80504179
1,2,714,268876944.35087132
1,3,714,270236421.66367573
1,4,714,244227431.65625489
1,1,715,197151658.49498969
1,2,715,271352033.48042315
1,3,715,268060089.30538946
1,4,715,253471013.02312368
1,1,716,203609528.57460079
1,2,716,271733630.36490232
1,3,716,269201612.61423343
1,4,716,250466123.64278755
1,1,717,205638323.7893815
1,2,717,273157180.21817523
1,3,717,268990807.22128761
1,4,717,253319894.29648179
1,1,718,213728527.35934007
1,2,718,275382943.95117474
1,3,718,270077037.76797652
1,4,718,246637591.23251122
1,1,719,214046197.06152251
1,2,719,276294815.31907874
1,3,719,269185741.34018683
1,4,719,245822943.24789631
1,1,720,218712538.63252211
1,2,720,275514203.5945946
1,3,720,269724484.90200657
1,4,720,242439729.77704915
1,1,721,227154475.75621772
1,2,721,268876944.35087132
1,3,721,273371285.2162509
1,4,721,244227431.65625489
1,1,722,197151658.49498969
1,2,722,271352033.48042315
1,3,722,268060089.30538946
1,4,722,253471013.02312368
1,1,723,203609528.57460079
1,2,723,271733630.36490232
1,3,723,269201612.61423343
1,4,723,250466123.64278755
1,1,724,205638323.7893815
1,2,724,273157180.21817523
1,3,724,268990807.22128761
1,4,724,253319894.29648179
1,1,725,213728527.35934007
1,2,725,275382943.95117474
1,3,725,270077037.76797652
1,4,725,246637591.23251122
1,1,726,214046197.06152251
1,2,726,274568826.61410099
1,3,726,269185741.34018683
1,4,726,245822943.24789631
1,1,727,218712538.63252211
1,2,727,275514203.5945946
1,3,727,272905948.31326628
1,4,727,242439729.77704915
1,1,728,227154475.75621772
1,2,728,268396417.26196146
1,3,728,273371285.2162509
1,4,728,244227431.65625489
1,1,729,197920836.51679096
1,2,729,271352033.48042315
1,3,729,268060089.30538946
1,4,729,253471013.02312368
1,1,730,199084939.99363565
1,2,730,271733630.36490232
1,3,730,269201612.61423343
1,4,730,250466123.64278755
1,1,731,205638323.7893815
1,2,731,273157491.97379166
1,3,731,268990807.22128761
1,4,731,253319894.29648179
1,1,732,213728527.35934007
1,2,732,275382943.95117474
1,3,732,270077037.76797652
1,4,732,246637591.23251122
1,1,733,214046197.06152251
1,2,733,274568826.61410099
1,3,733,269185741.34018683
1,4,733,245822943.24789631
1,1,734,218712538.63252211
1,2,734,275514203.5945946
1,3,734,272905948.31326628
1,4,734,234545043.5170747
1,1,735,227154475.75621772
1,2,735,268396417.26196146
1,3,735,273371285.2162509
1,4,735,244227431.65625489
1,1,736,197920836.51679096
1,2,736,271352033.48042315
1,3,736,268060089.30538946
1,4,736,253471013.02312368
1,1,737,199084939.99363565
1,2,737,271733630.36490232
1,3,737,269201612.61423343
1,4,737,250466123.64278755
1,1,738,205638323.7893815
1,2,738,273157491.97379166
1,3,738,269527468.22841024
1,4,738,253319894.29648179
1,1,739,213728527.35934007
1,2,739,275382943.95117474
1,3,739,270077037.76797652
1,4,739,246637591.23251122
1,1,740,215004179.25488836
1,2,740,274568826.61410099
1,3,740,269185741.34018683
1,4,740,245822943.24789631
1,1,741,218712538.63252211
1,2,741,275514203.5945946
1,3,741,272905948.31326628
1,4,741,234545043.5170747
1,1,742,227154475.75621772
1,2,742,268396417.26196146
1,3,742,273371285.2162509
1,4,742,244537503.93092203
1,1,743,192517422.19171166
1,2,743,271352033.48042315
1,3,743,268060089.30538946
1,4,743,253471013.02312368
1,1,744,199084939.99363565
1,2,744,271733630.36490232
1,3,744,269201612.61423343
1,4,744,250466123.64278755
1,1,745,203838577.69209966
1,2,745,273157491.97379166
1,3,745,269527468.22841024
1,4,745,253319894.29648179
1,1,746,210908578.86280948
1,2,746,275382943.95117474
1,3,746,270077037.76797652
1,4,746,246637591.23251122
1,1,747,215004179.25488836
1,2,747,274568826.61410099
1,3,747,272413664.60502541
1,4,747,245822943.24789631
1,1,748,218712538.63252211
1,2,748,275514203.5945946
1,3,748,272905948.31326628
1,4,748,234545043.5170747
1,1,749,220275944.72019196
1,2,749,268396417.26196146
1,3,749,273371285.2162509
1,4,749,244537503.93092203
1,1,750,188677599.844163
1,2,750,271352033.48042315
1,3,750,268060089.30538946
1,4,750,253471013.02312368
1,1,751,196209551.5159618
1,2,751,271733630.36490232
1,3,751,269201612.61423343
1,4,751,250466123.64278755
1,1,752,203838577.69209966
1,2,752,273157491.97379166
1,3,752,269527468.22841024
1,4,752,253319894.29648179
1,1,753,210807694.37173751
1,2,753,275382943.95117474
1,3,753,270077037.76797652
1,4,753,246637591.23251122
1,1,754,215004179.25488836
1,2,754,274568826.61410099
1,3,754,272413664.60502541
1,4,754,245822943.24789631
1,1,755,218712538.63252211
1,2,755,275514203.5945946
1,3,755,272905948.31326628
1,4,755,234545043.5170747
1,1,756,220275944.72019196
1,2,756,268396417.26196146
1,3,756,273371285.2162509
1,4,756,244537503.93092203
1,1,757,189556037.34729102
1,2,757,271352033.48042315
1,3,757,268060089.30538946
1,4,757,253471013.02312368
1,1,758,196209551.5159618
1,2,758,271733630.36490232
1,3,758,269201612.61423343
1,4,758,250466123.64278755
1,1,759,203838577.69209966
1,2,759,273157491.97379166
1,3,759,268990807.22128761
1,4,759,247354676.63619301
1,1,760,210787021.41635156
1,2,760,275382943.95117474
1,3,760,270077037.76797652
1,4,760,246637591.23251122
1,1,761,215632505.5253503
1,2,761,274568826.61410099
1,3,761,269185741.34018683
1,4,761,245822943.24789631
1,1,762,218712538.63252211
1,2,762,275514203.5945946
1,3,762,272905948.31326628
1,4,762,234545043.5170747
1,1,763,217703647.64271203
1,2,763,268396417.26196146
1,3,763,273371285.2162509
1,4,763,244537503.93092203
1,1,764,190721597.83221042
1,2,764,271352033.48042315
1,3,764,268060089.30538946
1,4,764,253471013.02312368
1,1,765,197303038.50916672
1,2,765,271733630.36490232
1,3,765,269201612.61423343
1,4,765,250466123.64278755
1,1,766,204525813.91886613
1,2,766,273157180.21817523
1,3,766,268990807.22128761
1,4,766,247354676.63619301
1,1,767,210787021.41635156
1,2,767,274091860.09200418
1,3,767,270077037.76797652
1,4,767,246637591.23251122
1,1,768,215632505.5253503
1,2,768,274568826.61410099
1,3,768,269185741.34018683
1,4,768,243916151.66955218
1,1,769,215676958.91248393
1,2,769,275514203.5945946
1,3,769,272905948.31326628
1,4,769,234545043.5170747
1,1,770,217703647.64271203
1,2,770,268396417.26196146
1,3,770,273371285.2162509
1,4,770,242407505.77824959
1,1,771,199903144.63568607
1,2,771,272241586.73398256
1,3,771,267442906.66875339
1,4,771,248426648.43196735
1,1,772,207348725.68511665
1,2,772,273637159.4863832
1,3,772,270942811.40843952
1,4,772,251514428.19160417
1,1,773,209310149.17015401
1,2,773,274091860.09200418
1,3,773,270270893.88593119
1,4,773,248698618.76626378
1,1,774,217382062.77844852
1,2,774,276294815.31907874
1,3,774,270822882.53972149
1,4,774,244362075.750833
1,1,775,221039276.4811191
1,2,775,275514203.5945946
1,3,775,271823005.02932382
1,4,775,243171389.48884353
1,1,776,222354775.8510983
1,2,776,267527726.43963879
1,3,776,272309531.43840116
1,4,776,244573511.00530249
1,1,777,223964121.27944186
1,2,777,269806565.70929557
1,3,777,272112484.68081695
1,4,777,231038817.51146486
1,1,778,199903144.63568607
1,2,778,271733630.36490232
1,3,778,267442906.66875339
1,4,778,248426648.43196735
1,1,779,207348725.68511665
1,2,779,273637159.4863832
1,3,779,270942811.40843952
1,4,779,251514428.19160417
1,1,780,209310149.17015401
1,2,780,274091860.09200418
1,3,780,270270893.88593119
1,4,780,248698618.76626378
1,1,781,214716337.64141622
1,2,781,276294815.31907874
1,3,781,270822882.53972149
1,4,781,244362075.750833
1,1,782,221039276.4811191
1,2,782,275514203.5945946
1,3,782,271823005.02932382
1,4,782,243171389.48884353
1,1,783,222354775.8510983
1,2,783,267527726.43963879
1,3,783,272309531.43840116
1,4,783,244542338.11869019
1,1,784,223964121.27944186
1,2,784,269806565.70929557
1,3,784,272112484.68081695
1,4,784,231038817.51146486
1,1,785,199903144.63568607
1,2,785,271733630.36490232
1,3,785,267442906.66875339
1,4,785,248426648.43196735
1,1,786,207348725.68511665
1,2,786,273157180.21817523
1,3,786,270942811.40843952
1,4,786,251514428.19160417
1,1,787,209310149.17015401
1,2,787,274091860.09200418
1,3,787,270270893.88593119
1,4,787,248698618.76626378
1,1,788,214716337.64141622
1,2,788,274568826.61410099
1,3,788,271309649.99252373
1,4,788,242629737.74950796
1,1,789,221039276.4811191
1,2,789,275514203.5945946
1,3,789,271823005.02932382
1,4,789,247111157.49611285
1,1,790,222354775.8510983
1,2,790,267527726.43963879
1,3,790,271632007.84786654
1,4,790,239958193.98051527
1,1,791,226918666.61526811
1,2,791,269806565.70929557
1,3,791,272575645.92199278
1,4,791,236651813.05816665
1,1,792,199903144.63568607
1,2,792,271733630.36490232
1,3,792,267442906.66875339
1,4,792,249245161.73459023
1,1,793,207348725.68511665
1,2,793,273157180.21817523
1,3,793,270942811.40843952
1,4,793,251514428.19160417
1,1,794,209310149.17015401
1,2,794,274091860.09200418
1,3,794,270120466.90355587
1,4,794,248698618.76626378
1,1,795,214716337.64141622
1,2,795,274568826.61410099
1,3,795,271309649.99252373
1,4,795,242629737.74950796
1,1,796,221039276.4811191
1,2,796,275514203.5945946
1,3,796,271823005.02932382
1,4,796,247111157.49611285
1,1,797,222354775.8510983
1,2,797,268876944.35087132
1,3,797,271632007.84786654
1,4,797,239958193.98051527
1,1,798,226918666.61526811
1,2,798,269806565.70929557
1,3,798,272575645.92199278
1,4,798,236651813.05816665
1,1,799,194542570.38789675
1,2,799,271733630.36490232
1,3,799,270643437.81099498
1,4,799,249245161.73459023
1,1,800,207348725.68511665
1,2,800,273157180.21817523
1,3,800,271478578.17530268
1,4,800,251514428.19160417
1,1,801,209310149.17015401
1,2,801,274091860.09200418
1,3,801,270120466.90355587
1,4,801,248698618.76626378
1,1,802,214716337.64141622
1,2,802,274568826.61410099
1,3,802,271309649.99252373
1,4,802,242629737.74950796
1,1,803,221039276.4811191
1,2,803,275514203.5945946
1,3,803,271823005.02932382
1,4,803,247111157.49611285
1,1,804,222354775.8510983
1,2,804,268876944.35087132
1,3,804,271632007.84786654
1,4,804,239958193.98051527
1,1,805,227563830.4177233
1,2,805,269806565.70929557
1,3,805,272575645.92199278
1,4,805,236651813.05816665
1,1,806,194542570.38789675
1,2,806,270844101.29689556
1,3,806,270643437.81099498
1,4,806,249245161.73459023
1,1,807,208092097.20945916
1,2,807,273157180.21817523
1,3,807,271478578.17530268
1,4,807,251514428.19160417
1,1,808,209310149.17015401
1,2,808,274091860.09200418
1,3,808,270120466.90355587
1,4,808,248698618.76626378
1,1,809,212274689.62872925
1,2,809,274568826.61410099
1,3,809,271309649.99252373
1,4,809,242629737.74950796
1,1,810,218349638.95112291
1,2,810,275514203.5945946
1,3,810,271124690.37543374
1,4,810,247111157.49611285
1,1,811,222354775.8510983
1,2,811,268876944.35087132
1,3,811,272107533.75896162
1,4,811,239958193.98051527
1,1,812,227563830.4177233
1,2,812,269806565.70929557
1,3,812,272575645.92199278
1,4,812,236651813.05816665
1,1,813,195301951.35173944
1,2,813,270844101.29689556
1,3,813,270643437.81099498
1,4,813,249245161.73459023
1,1,814,208092097.20945916
1,2,814,273157180.21817523
1,3,814,271478578.17530268
1,4,814,251514428.19160417
1,1,815,206435830.33594394
1,2,815,274091860.09200418
1,3,815,270120466.90355587
1,4,815,248698618.76626378
1,1,816,212274689.62872925
1,2,816,274568826.61410099
1,3,816,271309649.99252373
1,4,816,242629737.74950796
1,1,817,218349638.95112291
1,2,817,275514203.5945946
1,3,817,271124690.37543374
1,4,817,247048004.22650272
1,1,818,222354775.8510983
1,2,818,268876944.35087132
1,3,818,272107533.75896162
1,4,818,239958193.98051527
1,1,819,227563830.4177233
1,2,819,269806565.70929557
1,3,819,272575645.92199278
1,4,819,236599709.3574366
1,1,820,201766220.33154824
1,2,820,270844101.29689556
1,3,820,270643437.81099498
1,4,820,249245161.73459023
1,1,821,202901016.14811093
1,2,821,273157180.21817523
1,3,821,270398561.39770281
1,4,821,251514428.19160417
1,1,822,206435830.33594394
1,2,822,274091860.09200418
1,3,822,270120466.90355587
1,4,822,248698618.76626378
1,1,823,214510606.06005037
1,2,823,274568826.61410099
1,3,823,271309649.99252373
1,4,823,242629737.74950796
1,1,824,218321258.31460461
1,2,824,275514203.5945946
1,3,824,271124690.37543374
1,4,824,247048004.22650272
1,1,825,223028996.84479401
1,2,825,268876944.35087132
1,3,825,272107533.75896162
1,4,825,239958193.98051527
1,1,826,227563830.4177233
1,2,826,269806565.70929557
1,3,826,272575645.92199278
1,4,826,229570825.98950708
1,1,827,201712887.70686063
1,2,827,270844101.29689556
1,3,827,270643437.81099498
1,4,827,249245161.73459023
1,1,828,202901016.14811093
1,2,828,273157180.21817523
1,3,828,270398561.39770281
1,4,828,251514428.19160417
1,1,829,210030554.96571153
1,2,829,274091860.09200418
1,3,829,270120466.90355587
1,4,829,248698618.76626378
1,1,830,218003051.1857613
1,2,830,274568826.61410099
1,3,830,271309649.99252373
1,4,830,242629737.74950796
1,1,831,215580856.76217175
1,2,831,275514203.5945946
1,3,831,271124690.37543374
1,4,831,247048004.22650272
1,1,832,223028996.84479401
1,2,832,268876944.35087132
1,3,832,272107533.75896162
1,4,832,247168108.04995885
1,1,833,227563830.4177233
1,2,833,269806565.70929557
1,3,833,272575645.92199278
1,4,833,229548736.98479795
1,1,834,192597385.96179482
1,2,834,270844101.29689556
1,3,834,270643437.81099498
1,4,834,249245161.73459023
1,1,835,199972621.31098166
1,2,835,273157180.21817523
1,3,835,270398561.39770281
1,4,835,251514428.19160417
1,1,836,211118993.26382336
1,2,836,274091860.09200418
1,3,836,270120466.90355587
1,4,836,248698618.76626378
1,1,837,211408959.28584078
1,2,837,274568826.61410099
1,3,837,271309649.99252373
1,4,837,245524150.98510203
1,1,838,215580856.76217175
1,2,838,275514203.5945946
1,3,838,271124690.37543374
1,4,838,247048004.22650272
1,1,839,223028996.84479401
1,2,839,268876944.35087132
1,3,839,272107533.75896162
1,4,839,246433822.39574867
1,1,840,224594423.75504291
1,2,840,269806565.70929557
1,3,840,272575645.92199278
1,4,840,229548736.98479795
1,1,841,197154239.0492636
1,2,841,270844101.29689556
1,3,841,270643437.81099498
1,4,841,249245161.73459023
1,1,842,199972621.31098166
1,2,842,273157180.21817523
1,3,842,271478578.17530268
1,4,842,251514428.19160417
1,1,843,208271104.45486164
1,2,843,274091860.09200418
1,3,843,270270893.88593119
1,4,843,246697866.79479551
1,1,844,211415188.60357094
1,2,844,274568826.61410099
1,3,844,271309649.99252373
1,4,844,245524150.98510203
1,1,845,219276673.68419945
1,2,845,275514203.5945946
1,3,845,271124690.37543374
1,4,845,241783464.23950303
1,1,846,223028996.84479401
1,2,846,268876944.35087132
1,3,846,272107533.75896162
1,4,846,246433822.39574867
1,1,847,222072851.00632069
1,2,847,269806565.70929557
1,3,847,272575645.92199278
1,4,847,229548736.98479795
